time,bg,bg.norm,ba,ba.norm,pose.cov
1.70003041580396E+018,-0.00114 -0.00188  0.00593,0.00632,-0.00052  0.00049  0.01519,0.0152,0.03366
1.70003041587136E+018,0.02411 0.10344 0.04786,0.1165,-0.00982  0.00136  0.12866,0.12904,0.00261
1.70003041593877E+018,0.02411 0.10344 0.04786,0.1165,-0.00982  0.00136  0.12866,0.12904,0.00262
1.70003041600619E+018,0.02411 0.10344 0.04786,0.1165,-0.00982  0.00136  0.12866,0.12904,0.00262
1.70003041607354E+018,0.02411 0.10344 0.04786,0.1165,-0.00982  0.00136  0.12866,0.12904,0.00262
1.70003041614036E+018,0.02411 0.10344 0.04786,0.1165,-0.00982  0.00136  0.12866,0.12904,0.00262
1.70003041620682E+018,0.02411 0.10344 0.04786,0.1165,-0.00982  0.00136  0.12866,0.12904,0.00262
1.70003041627327E+018,0.02411 0.10344 0.04786,0.1165,-0.00982  0.00136  0.12866,0.12904,0.00263
1.70003041633973E+018,0.02411 0.10344 0.04786,0.1165,-0.00982  0.00136  0.12866,0.12904,0.00266
1.70003041640617E+018,0.02411 0.10344 0.04786,0.1165,-0.00982  0.00136  0.12866,0.12904,0.0027
1.70003041647261E+018,0.02411 0.10344 0.04786,0.1165,-0.00982  0.00136  0.12866,0.12904,0.00278
1.70003041653905E+018,0.02411 0.10344 0.04786,0.1165,-0.00982  0.00136  0.12866,0.12904,0.00289
1.70003041660548E+018,0.02411 0.10344 0.04786,0.1165,-0.00982  0.00136  0.12866,0.12904,0.00305
1.70003041667191E+018,0.02411 0.10344 0.04786,0.1165,-0.00982  0.00136  0.12866,0.12904,0.00326
1.70003041673833E+018,0.02411 0.10344 0.04786,0.1165,-0.00982  0.00136  0.12866,0.12904,0.00353
1.70003041680475E+018,0.02411 0.10344 0.04786,0.1165,-0.00982  0.00136  0.12866,0.12904,0.00388
1.70003041687116E+018,0.02411 0.10344 0.04786,0.1165,-0.00982  0.00136  0.12866,0.12904,0.00432
1.70003041693757E+018,0.02411 0.10344 0.04786,0.1165,-0.00982  0.00136  0.12866,0.12904,0.00487
1.70003041700398E+018,0.02411 0.10344 0.04786,0.1165,-0.00982  0.00136  0.12866,0.12904,0.00554
1.70003041707038E+018,0.02411 0.10344 0.04786,0.1165,-0.00982  0.00136  0.12866,0.12904,0.00635
1.70003041713671E+018,0.02411 0.10344 0.04786,0.1165,-0.00982  0.00136  0.12866,0.12904,0.00733
1.7000304172039E+018,0.02411 0.10344 0.04786,0.1165,-0.00982  0.00136  0.12866,0.12904,0.00854
1.70003041727109E+018,0.02411 0.10344 0.04786,0.1165,-0.00982  0.00136  0.12866,0.12904,0.00999
1.70003041733828E+018,0.02411 0.10344 0.04786,0.1165,-0.00982  0.00136  0.12866,0.12904,0.01168
1.70003041740548E+018,0.02411 0.10344 0.04786,0.1165,-0.00982  0.00136  0.12866,0.12904,0.01367
1.70003041747269E+018,0.02411 0.10344 0.04786,0.1165,-0.00982  0.00136  0.12866,0.12904,0.01601
1.7000304175399E+018,0.02411 0.10344 0.04786,0.1165,-0.00982  0.00136  0.12866,0.12904,0.01876
1.70003041760711E+018,0.02411 0.10344 0.04786,0.1165,-0.00982  0.00136  0.12866,0.12904,0.02193
1.70003041767433E+018,0.02411 0.10344 0.04786,0.1165,-0.00982  0.00136  0.12866,0.12904,0.02559
1.70003041774155E+018,0.02411 0.10344 0.04786,0.1165,-0.00982  0.00136  0.12866,0.12904,0.02975
1.70003041780878E+018,0.02411 0.10344 0.04786,0.1165,-0.00982  0.00136  0.12866,0.12904,0.03454
1.70003041787601E+018,0.02411 0.10344 0.04786,0.1165,-0.00982  0.00136  0.12866,0.12904,0.04006
1.70003041794325E+018,0.02411 0.10344 0.04786,0.1165,-0.00982  0.00136  0.12866,0.12904,0.04632
1.70003041801049E+018,0.02411 0.10344 0.04786,0.1165,-0.00982  0.00136  0.12866,0.12904,0.05334
1.70003041807774E+018,0.02411 0.10344 0.04786,0.1165,-0.00982  0.00136  0.12866,0.12904,0.06126
1.70003041814499E+018,0.02411 0.10344 0.04786,0.1165,-0.00982  0.00136  0.12866,0.12904,0.07021
1.70003041821192E+018,0.02411 0.10344 0.04786,0.1165,-0.00982  0.00136  0.12866,0.12904,0.08024
1.70003041827902E+018,0.02411 0.10344 0.04786,0.1165,-0.00982  0.00136  0.12866,0.12904,0.0915
1.70003041834611E+018,0.02411 0.10344 0.04786,0.1165,-0.00982  0.00136  0.12866,0.12904,0.10397
1.70003041841322E+018,0.02411 0.10344 0.04786,0.1165,-0.00982  0.00136  0.12866,0.12904,0.11779
1.70003041848032E+018,0.02411 0.10344 0.04786,0.1165,-0.00982  0.00136  0.12866,0.12904,0.13328
1.70003041854743E+018,0.02411 0.10344 0.04786,0.1165,-0.00982  0.00136  0.12866,0.12904,0.15051
1.70003041861454E+018,0.02411 0.10344 0.04786,0.1165,-0.00982  0.00136  0.12866,0.12904,0.16942
1.70003041868165E+018,0.02411 0.10344 0.04786,0.1165,-0.00982  0.00136  0.12866,0.12904,0.19021
1.70003041874877E+018,0.02411 0.10344 0.04786,0.1165,-0.00982  0.00136  0.12866,0.12904,0.21312
1.70003041881589E+018,0.02411 0.10344 0.04786,0.1165,-0.00982  0.00136  0.12866,0.12904,0.23847
1.70003041888301E+018,0.02411 0.10344 0.04786,0.1165,-0.00982  0.00136  0.12866,0.12904,0.26632
1.70003041895013E+018,0.02411 0.10344 0.04786,0.1165,-0.00982  0.00136  0.12866,0.12904,0.29665
1.70003041901726E+018,0.02411 0.10344 0.04786,0.1165,-0.00982  0.00136  0.12866,0.12904,0.32962
1.7000304190844E+018,0.02411 0.10344 0.04786,0.1165,-0.00982  0.00136  0.12866,0.12904,0.36574
1.70003041915153E+018,0.02411 0.10344 0.04786,0.1165,-0.00982  0.00136  0.12866,0.12904,0.40542
1.70003041921899E+018,0.02411 0.10344 0.04786,0.1165,-0.00982  0.00136  0.12866,0.12904,0.4486
1.70003041928521E+018,0.02411 0.10344 0.04786,0.1165,-0.00982  0.00136  0.12866,0.12904,0.49441
1.70003041935143E+018,0.02411 0.10344 0.04786,0.1165,-0.00982  0.00136  0.12866,0.12904,0.544
1.70003041941763E+018,0.02411 0.10344 0.04786,0.1165,-0.00982  0.00136  0.12866,0.12904,0.598
1.70003041948383E+018,0.02411 0.10344 0.04786,0.1165,-0.00982  0.00136  0.12866,0.12904,0.65641
1.70003041955002E+018,0.02411 0.10344 0.04786,0.1165,-0.00982  0.00136  0.12866,0.12904,0.71924
1.7000304196162E+018,0.02411 0.10344 0.04786,0.1165,-0.00982  0.00136  0.12866,0.12904,0.78672
1.70003041968237E+018,0.02411 0.10344 0.04786,0.1165,-0.00982  0.00136  0.12866,0.12904,0.85943
1.70003041974854E+018,0.02411 0.10344 0.04786,0.1165,-0.00982  0.00136  0.12866,0.12904,0.93817
1.70003041981469E+018,0.02411 0.10344 0.04786,0.1165,-0.00982  0.00136  0.12866,0.12904,1.02275
1.70003041988084E+018,0.02411 0.10344 0.04786,0.1165,-0.00982  0.00136  0.12866,0.12904,1.11304
1.70003041994698E+018,0.02411 0.10344 0.04786,0.1165,-0.00982  0.00136  0.12866,0.12904,1.20959
1.70003042001311E+018,0.02411 0.10344 0.04786,0.1165,-0.00982  0.00136  0.12866,0.12904,1.31329
1.70003042007924E+018,0.02411 0.10344 0.04786,0.1165,-0.00982  0.00136  0.12866,0.12904,1.42448
1.70003042014535E+018,0.02411 0.10344 0.04786,0.1165,-0.00982  0.00136  0.12866,0.12904,1.54334
1.70003042021142E+018,0.02411 0.10344 0.04786,0.1165,-0.00982  0.00136  0.12866,0.12904,1.66957
1.70003042027764E+018,0.02411 0.10344 0.04786,0.1165,-0.00982  0.00136  0.12866,0.12904,1.8043
1.70003042034385E+018,0.02411 0.10344 0.04786,0.1165,-0.00982  0.00136  0.12866,0.12904,1.94885
1.70003042041005E+018,0.02411 0.10344 0.04786,0.1165,-0.00982  0.00136  0.12866,0.12904,2.10315
1.70003042047625E+018,0.02411 0.10344 0.04786,0.1165,-0.00982  0.00136  0.12866,0.12904,2.26657
1.70003042054243E+018,0.02411 0.10344 0.04786,0.1165,-0.00982  0.00136  0.12866,0.12904,2.43991
1.70003042060861E+018,0.02411 0.10344 0.04786,0.1165,-0.00982  0.00136  0.12866,0.12904,2.62451
1.70003042067478E+018,0.02411 0.10344 0.04786,0.1165,-0.00982  0.00136  0.12866,0.12904,2.82108
1.70003042074094E+018,0.02411 0.10344 0.04786,0.1165,-0.00982  0.00136  0.12866,0.12904,3.02975
1.7000304208071E+018,0.02411 0.10344 0.04786,0.1165,-0.00982  0.00136  0.12866,0.12904,3.24997
1.70003042087324E+018,0.02411 0.10344 0.04786,0.1165,-0.00982  0.00136  0.12866,0.12904,3.48278
1.70003042093938E+018,0.02411 0.10344 0.04786,0.1165,-0.00982  0.00136  0.12866,0.12904,3.73026
1.70003042100551E+018,0.02411 0.10344 0.04786,0.1165,-0.00982  0.00136  0.12866,0.12904,3.99287
1.70003042107163E+018,0.02411 0.10344 0.04786,0.1165,-0.00982  0.00136  0.12866,0.12904,4.26954
1.70003042113774E+018,0.02411 0.10344 0.04786,0.1165,-0.00982  0.00136  0.12866,0.12904,4.56109
1.70003042120381E+018,0.02411 0.10344 0.04786,0.1165,-0.00982  0.00136  0.12866,0.12904,4.86877
1.70003042127003E+018,0.02411 0.10344 0.04786,0.1165,-0.00982  0.00136  0.12866,0.12904,5.19546
1.70003042133624E+018,0.02411 0.10344 0.04786,0.1165,-0.00982  0.00136  0.12866,0.12904,5.54047
1.70003042140244E+018,0.02411 0.10344 0.04786,0.1165,-0.00982  0.00136  0.12866,0.12904,5.90312
1.70003042146863E+018,0.02411 0.10344 0.04786,0.1165,-0.00982  0.00136  0.12866,0.12904,6.28392
1.70003042153482E+018,0.02411 0.10344 0.04786,0.1165,-0.00982  0.00136  0.12866,0.12904,6.6851
1.70003042160099E+018,0.02411 0.10344 0.04786,0.1165,-0.00982  0.00136  0.12866,0.12904,7.10908
1.70003042166716E+018,0.02411 0.10344 0.04786,0.1165,-0.00982  0.00136  0.12866,0.12904,7.5544
1.70003042173332E+018,0.02411 0.10344 0.04786,0.1165,-0.00982  0.00136  0.12866,0.12904,8.02053
1.70003042179948E+018,0.02411 0.10344 0.04786,0.1165,-0.00982  0.00136  0.12866,0.12904,8.50955
1.70003042186562E+018,0.02411 0.10344 0.04786,0.1165,-0.00982  0.00136  0.12866,0.12904,9.02505
1.70003042193176E+018,0.02411 0.10344 0.04786,0.1165,-0.00982  0.00136  0.12866,0.12904,9.56641
1.70003042199789E+018,0.02411 0.10344 0.04786,0.1165,-0.00982  0.00136  0.12866,0.12904,10.13347
1.70003042206401E+018,0.02411 0.10344 0.04786,0.1165,-0.00982  0.00136  0.12866,0.12904,10.72633
1.70003042213012E+018,0.02411 0.10344 0.04786,0.1165,-0.00982  0.00136  0.12866,0.12904,11.3481
1.70003042219619E+018,0.02411 0.10344 0.04786,0.1165,-0.00982  0.00136  0.12866,0.12904,12.00096
1.7000304222624E+018,0.02411 0.10344 0.04786,0.1165,-0.00982  0.00136  0.12866,0.12904,12.68545
1.70003042232861E+018,0.02411 0.10344 0.04786,0.1165,-0.00982  0.00136  0.12866,0.12904,13.39977
1.70003042239481E+018,0.02411 0.10344 0.04786,0.1165,-0.00982  0.00136  0.12866,0.12904,14.1467
1.70003042246101E+018,0.02411 0.10344 0.04786,0.1165,-0.00982  0.00136  0.12866,0.12904,14.92942
1.70003042252719E+018,0.02411 0.10344 0.04786,0.1165,-0.00982  0.00136  0.12866,0.12904,15.74874
1.70003042259337E+018,0.02411 0.10344 0.04786,0.1165,-0.00982  0.00136  0.12866,0.12904,16.60407
1.70003042265954E+018,0.02411 0.10344 0.04786,0.1165,-0.00982  0.00136  0.12866,0.12904,17.49437
1.7000304227257E+018,0.02411 0.10344 0.04786,0.1165,-0.00982  0.00136  0.12866,0.12904,18.4227
1.70003042279185E+018,0.02411 0.10344 0.04786,0.1165,-0.00982  0.00136  0.12866,0.12904,19.39467
1.700030422858E+018,0.02411 0.10344 0.04786,0.1165,-0.00982  0.00136  0.12866,0.12904,20.40955
1.70003042292414E+018,0.02411 0.10344 0.04786,0.1165,-0.00982  0.00136  0.12866,0.12904,21.46451
1.70003042299027E+018,0.02411 0.10344 0.04786,0.1165,-0.00982  0.00136  0.12866,0.12904,22.56195
1.70003042305639E+018,0.02411 0.10344 0.04786,0.1165,-0.00982  0.00136  0.12866,0.12904,23.70665
1.7000304231225E+018,0.02411 0.10344 0.04786,0.1165,-0.00982  0.00136  0.12866,0.12904,24.90062
1.70003042318857E+018,0.02411 0.10344 0.04786,0.1165,-0.00982  0.00136  0.12866,0.12904,26.14311
1.70003042325479E+018,0.02411 0.10344 0.04786,0.1165,-0.00982  0.00136  0.12866,0.12904,27.43592
1.700030423321E+018,0.02411 0.10344 0.04786,0.1165,-0.00982  0.00136  0.12866,0.12904,28.77864
1.7000304233872E+018,0.02411 0.10344 0.04786,0.1165,-0.00982  0.00136  0.12866,0.12904,30.17828
1.7000304234534E+018,0.02411 0.10344 0.04786,0.1165,-0.00982  0.00136  0.12866,0.12904,31.63547
1.70003042351958E+018,0.02411 0.10344 0.04786,0.1165,-0.00982  0.00136  0.12866,0.12904,33.14711
1.70003042358576E+018,0.02411 0.10344 0.04786,0.1165,-0.00982  0.00136  0.12866,0.12904,34.7153
1.70003042363992E+018,0.02411 0.10344 0.04786,0.1165,-0.00982  0.00136  0.12866,0.12904,36.04404
1.70003042370605E+018,0.02411 0.10344 0.04786,0.1165,-0.00982  0.00136  0.12866,0.12904,37.7271
1.70003042377218E+018,0.02411 0.10344 0.04786,0.1165,-0.00982  0.00136  0.12866,0.12904,39.47435
1.70003042383829E+018,0.02411 0.10344 0.04786,0.1165,-0.00982  0.00136  0.12866,0.12904,41.28578
1.7000304239044E+018,0.02411 0.10344 0.04786,0.1165,-0.00982  0.00136  0.12866,0.12904,43.1601
1.7000304239705E+018,0.02411 0.10344 0.04786,0.1165,-0.00982  0.00136  0.12866,0.12904,45.10487
1.7000304240366E+018,0.02411 0.10344 0.04786,0.1165,-0.00982  0.00136  0.12866,0.12904,47.12466
1.70003042410268E+018,0.02411 0.10344 0.04786,0.1165,-0.00982  0.00136  0.12866,0.12904,49.21623
1.70003042416876E+018,0.02411 0.10344 0.04786,0.1165,-0.00982  0.00136  0.12866,0.12904,51.38015
1.70003042423489E+018,0.02411 0.10344 0.04786,0.1165,-0.00982  0.00136  0.12866,0.12904,53.62265
1.70003042430107E+018,0.02411 0.10344 0.04786,0.1165,-0.00982  0.00136  0.12866,0.12904,55.9524
1.70003042436725E+018,0.02411 0.10344 0.04786,0.1165,-0.00982  0.00136  0.12866,0.12904,58.36419
1.70003042443341E+018,0.02411 0.10344 0.04786,0.1165,-0.00982  0.00136  0.12866,0.12904,60.85671
1.70003042449957E+018,0.02411 0.10344 0.04786,0.1165,-0.00982  0.00136  0.12866,0.12904,63.4312
1.70003042456572E+018,0.02411 0.10344 0.04786,0.1165,-0.00982  0.00136  0.12866,0.12904,66.09459
1.70003042463187E+018,0.02411 0.10344 0.04786,0.1165,-0.00982  0.00136  0.12866,0.12904,68.85469
1.700030424698E+018,0.02411 0.10344 0.04786,0.1165,-0.00982  0.00136  0.12866,0.12904,71.70602
1.70003042476413E+018,0.02411 0.10344 0.04786,0.1165,-0.00982  0.00136  0.12866,0.12904,74.64776
1.70003042483025E+018,0.02411 0.10344 0.04786,0.1165,-0.00982  0.00136  0.12866,0.12904,77.68631
1.70003042489636E+018,0.02411 0.10344 0.04786,0.1165,-0.00982  0.00136  0.12866,0.12904,80.82884
1.70003042496246E+018,0.02411 0.10344 0.04786,0.1165,-0.00982  0.00136  0.12866,0.12904,84.07849
1.70003042502856E+018,0.02411 0.10344 0.04786,0.1165,-0.00982  0.00136  0.12866,0.12904,87.43385
1.70003042509465E+018,0.02411 0.10344 0.04786,0.1165,-0.00982  0.00136  0.12866,0.12904,90.89047
1.70003042516073E+018,0.02411 0.10344 0.04786,0.1165,-0.00982  0.00136  0.12866,0.12904,94.45273
1.70003042522703E+018,0.02411 0.10344 0.04786,0.1165,-0.00982  0.00136  0.12866,0.12904,98.145
1.70003042530825E+018,0.02411 0.10344 0.04786,0.1165,-0.00982  0.00136  0.12866,0.12904,102.83281
1.70003042537566E+018,0.02411 0.10344 0.04786,0.1165,-0.00982  0.00136  0.12866,0.12904,106.85435
1.70003042544308E+018,0.02411 0.10344 0.04786,0.1165,-0.00982  0.00136  0.12866,0.12904,110.99861
1.70003042551051E+018,0.02411 0.10344 0.04786,0.1165,-0.00982  0.00136  0.12866,0.12904,115.27882
1.70003042557796E+018,0.02411 0.10344 0.04786,0.1165,-0.00982  0.00136  0.12866,0.12904,119.69694
1.70003042564542E+018,0.02411 0.10344 0.04786,0.1165,-0.00982  0.00136  0.12866,0.12904,124.25084
1.70003042571289E+018,0.02411 0.10344 0.04786,0.1165,-0.00982  0.00136  0.12866,0.12904,128.93946
1.70003042576708E+018,0.02411 0.10344 0.04786,0.1165,-0.00982  0.00136  0.12866,0.12904,132.80662
1.70003042583454E+018,0.02411 0.10344 0.04786,0.1165,-0.00982  0.00136  0.12866,0.12904,137.76188
1.70003042590202E+018,0.02411 0.10344 0.04786,0.1165,-0.00982  0.00136  0.12866,0.12904,142.86635
1.7000304259695E+018,0.02411 0.10344 0.04786,0.1165,-0.00982  0.00136  0.12866,0.12904,148.11845
1.700030426037E+018,0.02411 0.10344 0.04786,0.1165,-0.00982  0.00136  0.12866,0.12904,153.5252
1.70003042610452E+018,0.02411 0.10344 0.04786,0.1165,-0.00982  0.00136  0.12866,0.12904,159.09724
1.70003042617204E+018,0.02411 0.10344 0.04786,0.1165,-0.00982  0.00136  0.12866,0.12904,164.8415
1.70003042623882E+018,0.02411 0.10344 0.04786,0.1165,-0.00982  0.00136  0.12866,0.12904,170.6858
1.70003042630523E+018,0.02411 0.10344 0.04786,0.1165,-0.00982  0.00136  0.12866,0.12904,176.65295
1.70003042637142E+018,0.02411 0.10344 0.04786,0.1165,-0.00982  0.00136  0.12866,0.12904,182.7629
1.7000304264376E+018,0.02411 0.10344 0.04786,0.1165,-0.00982  0.00136  0.12866,0.12904,189.04764
1.70003042650378E+018,0.02411 0.10344 0.04786,0.1165,-0.00982  0.00136  0.12866,0.12904,195.51196
1.70003042656995E+018,0.02411 0.10344 0.04786,0.1165,-0.00982  0.00136  0.12866,0.12904,202.14633
1.70003042663611E+018,0.02411 0.10344 0.04786,0.1165,-0.00982  0.00136  0.12866,0.12904,208.95353
1.70003042670226E+018,0.02411 0.10344 0.04786,0.1165,-0.00982  0.00136  0.12866,0.12904,215.9445
1.70003042676841E+018,0.02411 0.10344 0.04786,0.1165,-0.00982  0.00136  0.12866,0.12904,223.13372
1.70003042683455E+018,0.02411 0.10344 0.04786,0.1165,-0.00982  0.00136  0.12866,0.12904,230.51764
1.70003042690068E+018,0.02411 0.10344 0.04786,0.1165,-0.00982  0.00136  0.12866,0.12904,238.08891
1.70003042696681E+018,0.02411 0.10344 0.04786,0.1165,-0.00982  0.00136  0.12866,0.12904,245.85095
1.70003042703293E+018,0.02411 0.10344 0.04786,0.1165,-0.00982  0.00136  0.12866,0.12904,253.8181
1.70003042709904E+018,0.02411 0.10344 0.04786,0.1165,-0.00982  0.00136  0.12866,0.12904,262.00047
1.70003042716514E+018,0.02411 0.10344 0.04786,0.1165,-0.00982  0.00136  0.12866,0.12904,270.38667
1.70003042723124E+018,0.02411 0.10344 0.04786,0.1165,-0.00982  0.00136  0.12866,0.12904,278.97869
1.70003042729739E+018,0.02411 0.10344 0.04786,0.1165,-0.00982  0.00136  0.12866,0.12904,287.79751
1.70003042736359E+018,0.02411 0.10344 0.04786,0.1165,-0.00982  0.00136  0.12866,0.12904,296.85873
1.70003042742978E+018,0.02411 0.10344 0.04786,0.1165,-0.00982  0.00136  0.12866,0.12904,306.15232
1.70003042749596E+018,0.02411 0.10344 0.04786,0.1165,-0.00982  0.00136  0.12866,0.12904,315.67222
1.70003042756214E+018,0.02411 0.10344 0.04786,0.1165,-0.00982  0.00136  0.12866,0.12904,325.41833
1.70003042762831E+018,0.02411 0.10344 0.04786,0.1165,-0.00982  0.00136  0.12866,0.12904,335.40405
1.70003042769448E+018,0.02411 0.10344 0.04786,0.1165,-0.00982  0.00136  0.12866,0.12904,345.64529
1.70003042776063E+018,0.02411 0.10344 0.04786,0.1165,-0.00982  0.00136  0.12866,0.12904,356.13316
1.70003042782678E+018,0.02411 0.10344 0.04786,0.1165,-0.00982  0.00136  0.12866,0.12904,366.86394
1.70003042789292E+018,0.02411 0.10344 0.04786,0.1165,-0.00982  0.00136  0.12866,0.12904,377.84847
1.70003042795906E+018,0.02411 0.10344 0.04786,0.1165,-0.00982  0.00136  0.12866,0.12904,389.10493
1.70003042802519E+018,0.02411 0.10344 0.04786,0.1165,-0.00982  0.00136  0.12866,0.12904,400.64224
1.70003042809131E+018,0.02411 0.10344 0.04786,0.1165,-0.00982  0.00136  0.12866,0.12904,412.44783
1.70003042815742E+018,0.02411 0.10344 0.04786,0.1165,-0.00982  0.00136  0.12866,0.12904,424.51717
1.70003042822353E+018,0.02411 0.10344 0.04786,0.1165,-0.00982  0.00136  0.12866,0.12904,436.86281
1.70003042828983E+018,0.02411 0.10344 0.04786,0.1165,-0.00982  0.00136  0.12866,0.12904,449.54312
1.70003042835645E+018,0.02411 0.10344 0.04786,0.1165,-0.00982  0.00136  0.12866,0.12904,462.58307
1.70003042842295E+018,0.02411 0.10344 0.04786,0.1165,-0.00982  0.00136  0.12866,0.12904,475.89074
1.70003042848945E+018,0.02411 0.10344 0.04786,0.1165,-0.00982  0.00136  0.12866,0.12904,489.49504
1.70003042855594E+018,0.02411 0.10344 0.04786,0.1165,-0.00982  0.00136  0.12866,0.12904,503.41524
1.70003042862243E+018,0.02411 0.10344 0.04786,0.1165,-0.00982  0.00136  0.12866,0.12904,517.66747
1.70003042868892E+018,0.02411 0.10344 0.04786,0.1165,-0.00982  0.00136  0.12866,0.12904,532.24808
1.7000304287554E+018,0.02411 0.10344 0.04786,0.1165,-0.00982  0.00136  0.12866,0.12904,547.14472
1.70003042882188E+018,0.02411 0.10344 0.04786,0.1165,-0.00982  0.00136  0.12866,0.12904,562.36182
1.70003042888836E+018,0.02411 0.10344 0.04786,0.1165,-0.00982  0.00136  0.12866,0.12904,577.92365
1.70003042895483E+018,0.02411 0.10344 0.04786,0.1165,-0.00982  0.00136  0.12866,0.12904,593.84216
1.7000304290213E+018,0.02411 0.10344 0.04786,0.1165,-0.00982  0.00136  0.12866,0.12904,610.10344
1.70003042908777E+018,0.02411 0.10344 0.04786,0.1165,-0.00982  0.00136  0.12866,0.12904,626.71125
1.70003042915423E+018,0.02411 0.10344 0.04786,0.1165,-0.00982  0.00136  0.12866,0.12904,643.67605
1.7000304292207E+018,0.02411 0.10344 0.04786,0.1165,-0.00982  0.00136  0.12866,0.12904,661.01774
1.70003042928717E+018,0.02411 0.10344 0.04786,0.1165,-0.00982  0.00136  0.12866,0.12904,678.75824
1.70003042935391E+018,0.02411 0.10344 0.04786,0.1165,-0.00982  0.00136  0.12866,0.12904,696.95995
1.70003042942055E+018,0.02411 0.10344 0.04786,0.1165,-0.00982  0.00136  0.12866,0.12904,715.50886
1.70003042948718E+018,0.02411 0.10344 0.04786,0.1165,-0.00982  0.00136  0.12866,0.12904,734.4465
1.70003042955382E+018,0.02411 0.10344 0.04786,0.1165,-0.00982  0.00136  0.12866,0.12904,753.79213
1.70003042962047E+018,0.02411 0.10344 0.04786,0.1165,-0.00982  0.00136  0.12866,0.12904,773.54161
1.70003042968712E+018,0.02411 0.10344 0.04786,0.1165,-0.00982  0.00136  0.12866,0.12904,793.70905
1.70003042975377E+018,0.02411 0.10344 0.04786,0.1165,-0.00982  0.00136  0.12866,0.12904,814.29995
1.70003042982043E+018,0.02411 0.10344 0.04786,0.1165,-0.00982  0.00136  0.12866,0.12904,835.34783
1.70003042988709E+018,0.02411 0.10344 0.04786,0.1165,-0.00982  0.00136  0.12866,0.12904,856.84903
1.70003042995375E+018,0.02411 0.10344 0.04786,0.1165,-0.00982  0.00136  0.12866,0.12904,878.79643
1.70003043002042E+018,0.02411 0.10344 0.04786,0.1165,-0.00982  0.00136  0.12866,0.12904,901.19842
1.7000304300871E+018,0.02411 0.10344 0.04786,0.1165,-0.00982  0.00136  0.12866,0.12904,924.09233
1.70003043015377E+018,0.02411 0.10344 0.04786,0.1165,-0.00982  0.00136  0.12866,0.12904,947.47498
1.70003043022046E+018,0.02411 0.10344 0.04786,0.1165,-0.00982  0.00136  0.12866,0.12904,971.33674
1.700030430287E+018,0.02411 0.10344 0.04786,0.1165,-0.00982  0.00136  0.12866,0.12904,995.63237
1.70003043035313E+018,0.02411 0.10344 0.04786,0.1165,-0.00982  0.00136  0.12866,0.12904,1020.27656
1.70003043041941E+018,0.02411 0.10344 0.04786,0.1165,-0.00982  0.00136  0.12866,0.12904,1045.53148
1.70003043048569E+018,0.02411 0.10344 0.04786,0.1165,-0.00982  0.00136  0.12866,0.12904,1071.32078
1.70003043055197E+018,0.02411 0.10344 0.04786,0.1165,-0.00982  0.00136  0.12866,0.12904,1097.63404
1.70003043061824E+018,0.02411 0.10344 0.04786,0.1165,-0.00982  0.00136  0.12866,0.12904,1124.47321
1.7000304306845E+018,0.02411 0.10344 0.04786,0.1165,-0.00982  0.00136  0.12866,0.12904,1151.89222
1.70003043075076E+018,0.02411 0.10344 0.04786,0.1165,-0.00982  0.00136  0.12866,0.12904,1179.89711
1.70003043081702E+018,0.02411 0.10344 0.04786,0.1165,-0.00982  0.00136  0.12866,0.12904,1208.47049
1.70003043088327E+018,0.02411 0.10344 0.04786,0.1165,-0.00982  0.00136  0.12866,0.12904,1237.62014
1.70003043094951E+018,0.02411 0.10344 0.04786,0.1165,-0.00982  0.00136  0.12866,0.12904,1267.3702
1.70003043101575E+018,0.02411 0.10344 0.04786,0.1165,-0.00982  0.00136  0.12866,0.12904,1297.77547
1.70003043108198E+018,0.02411 0.10344 0.04786,0.1165,-0.00982  0.00136  0.12866,0.12904,1328.83177
1.70003043114821E+018,0.02411 0.10344 0.04786,0.1165,-0.00982  0.00136  0.12866,0.12904,1360.52255
1.70003043121443E+018,0.02411 0.10344 0.04786,0.1165,-0.00982  0.00136  0.12866,0.12904,1392.84211
1.70003043128084E+018,0.02411 0.10344 0.04786,0.1165,-0.00982  0.00136  0.12866,0.12904,1425.9444
1.70003043134776E+018,0.02411 0.10344 0.04786,0.1165,-0.00982  0.00136  0.12866,0.12904,1460.04284
1.70003043141449E+018,0.02411 0.10344 0.04786,0.1165,-0.00982  0.00136  0.12866,0.12904,1494.75694
1.70003043148122E+018,0.02411 0.10344 0.04786,0.1165,-0.00982  0.00136  0.12866,0.12904,1530.15578
1.70003043154796E+018,0.02411 0.10344 0.04786,0.1165,-0.00982  0.00136  0.12866,0.12904,1566.28086
1.70003043161471E+018,0.02411 0.10344 0.04786,0.1165,-0.00982  0.00136  0.12866,0.12904,1603.17777
1.70003043168147E+018,0.02411 0.10344 0.04786,0.1165,-0.00982  0.00136  0.12866,0.12904,1640.86752
1.70003043174822E+018,0.02411 0.10344 0.04786,0.1165,-0.00982  0.00136  0.12866,0.12904,1679.34689
1.70003043181499E+018,0.02411 0.10344 0.04786,0.1165,-0.00982  0.00136  0.12866,0.12904,1718.55246
1.70003043188176E+018,0.02411 0.10344 0.04786,0.1165,-0.00982  0.00136  0.12866,0.12904,1758.51128
1.70003043194854E+018,0.02411 0.10344 0.04786,0.1165,-0.00982  0.00136  0.12866,0.12904,1799.35539
1.70003043201532E+018,0.02411 0.10344 0.04786,0.1165,-0.00982  0.00136  0.12866,0.12904,1841.04271
1.70003043208211E+018,0.02411 0.10344 0.04786,0.1165,-0.00982  0.00136  0.12866,0.12904,1883.50987
1.7000304321489E+018,0.02411 0.10344 0.04786,0.1165,-0.00982  0.00136  0.12866,0.12904,1926.7898
1.7000304322157E+018,0.02411 0.10344 0.04786,0.1165,-0.00982  0.00136  0.12866,0.12904,1970.93806
1.70003043228228E+018,0.02411 0.10344 0.04786,0.1165,-0.00982  0.00136  0.12866,0.12904,2015.82887
1.70003043234879E+018,0.02411 0.10344 0.04786,0.1165,-0.00982  0.00136  0.12866,0.12904,2061.53094
1.70003043241594E+018,0.02411 0.10344 0.04786,0.1165,-0.00982  0.00136  0.12866,0.12904,2108.50164
1.7000304324831E+018,0.02411 0.10344 0.04786,0.1165,-0.00982  0.00136  0.12866,0.12904,2156.31265
1.70003043255026E+018,0.02411 0.10344 0.04786,0.1165,-0.00982  0.00136  0.12866,0.12904,2205.11212
1.70003043261743E+018,0.02411 0.10344 0.04786,0.1165,-0.00982  0.00136  0.12866,0.12904,2254.87967
1.70003043268461E+018,0.02411 0.10344 0.04786,0.1165,-0.00982  0.00136  0.12866,0.12904,2305.52952
1.70003043275179E+018,0.02411 0.10344 0.04786,0.1165,-0.00982  0.00136  0.12866,0.12904,2357.07589
1.70003043281898E+018,0.02411 0.10344 0.04786,0.1165,-0.00982  0.00136  0.12866,0.12904,2409.58879
1.70003043288617E+018,0.02411 0.10344 0.04786,0.1165,-0.00982  0.00136  0.12866,0.12904,2463.10393
1.70003043295337E+018,0.02411 0.10344 0.04786,0.1165,-0.00982  0.00136  0.12866,0.12904,2517.60211
1.70003043302058E+018,0.02411 0.10344 0.04786,0.1165,-0.00982  0.00136  0.12866,0.12904,2573.04292
1.70003043308779E+018,0.02411 0.10344 0.04786,0.1165,-0.00982  0.00136  0.12866,0.12904,2629.38981
1.70003043315501E+018,0.02411 0.10344 0.04786,0.1165,-0.00982  0.00136  0.12866,0.12904,2686.75427
1.70003043322223E+018,0.02411 0.10344 0.04786,0.1165,-0.00982  0.00136  0.12866,0.12904,2745.22665
1.70003043328946E+018,0.02411 0.10344 0.04786,0.1165,-0.00982  0.00136  0.12866,0.12904,2804.73349
1.7000304333567E+018,0.02411 0.10344 0.04786,0.1165,-0.00982  0.00136  0.12866,0.12904,2865.19802
1.70003043342352E+018,0.02411 0.10344 0.04786,0.1165,-0.00982  0.00136  0.12866,0.12904,2926.32801
1.70003043349063E+018,0.02411 0.10344 0.04786,0.1165,-0.00982  0.00136  0.12866,0.12904,2988.82322
1.70003043355775E+018,0.02411 0.10344 0.04786,0.1165,-0.00982  0.00136  0.12866,0.12904,3052.38621
1.70003043362488E+018,0.02411 0.10344 0.04786,0.1165,-0.00982  0.00136  0.12866,0.12904,3117.01035
1.70003043369202E+018,0.02411 0.10344 0.04786,0.1165,-0.00982  0.00136  0.12866,0.12904,3182.63441
1.70003043375917E+018,0.02411 0.10344 0.04786,0.1165,-0.00982  0.00136  0.12866,0.12904,3249.33879
1.70003043382632E+018,0.02411 0.10344 0.04786,0.1165,-0.00982  0.00136  0.12866,0.12904,3317.28896
1.7000304338935E+018,0.02411 0.10344 0.04786,0.1165,-0.00982  0.00136  0.12866,0.12904,3386.39232
1.70003043396068E+018,0.02411 0.10344 0.04786,0.1165,-0.00982  0.00136  0.12866,0.12904,3456.55264
1.70003043402787E+018,0.02411 0.10344 0.04786,0.1165,-0.00982  0.00136  0.12866,0.12904,3527.85777
1.70003043409507E+018,0.02411 0.10344 0.04786,0.1165,-0.00982  0.00136  0.12866,0.12904,3600.38917
1.70003043416228E+018,0.02411 0.10344 0.04786,0.1165,-0.00982  0.00136  0.12866,0.12904,3674.11478
1.7000304342295E+018,0.02411 0.10344 0.04786,0.1165,-0.00982  0.00136  0.12866,0.12904,3749.00857
1.70003043429673E+018,0.02411 0.10344 0.04786,0.1165,-0.00982  0.00136  0.12866,0.12904,3825.01774
1.70003043436398E+018,0.02411 0.10344 0.04786,0.1165,-0.00982  0.00136  0.12866,0.12904,3902.16909
1.70003043443098E+018,0.02411 0.10344 0.04786,0.1165,-0.00982  0.00136  0.12866,0.12904,3980.38218
1.70003043449775E+018,0.02411 0.10344 0.04786,0.1165,-0.00982  0.00136  0.12866,0.12904,4059.59623
1.70003043456453E+018,0.02411 0.10344 0.04786,0.1165,-0.00982  0.00136  0.12866,0.12904,4139.97376
1.70003043463132E+018,0.02411 0.10344 0.04786,0.1165,-0.00982  0.00136  0.12866,0.12904,4221.54864
1.70003043469811E+018,0.02411 0.10344 0.04786,0.1165,-0.00982  0.00136  0.12866,0.12904,4304.43496
1.7000304347649E+018,0.02411 0.10344 0.04786,0.1165,-0.00982  0.00136  0.12866,0.12904,4388.6221
1.70003043483171E+018,0.02411 0.10344 0.04786,0.1165,-0.00982  0.00136  0.12866,0.12904,4474.05012
1.70003043489851E+018,0.02411 0.10344 0.04786,0.1165,-0.00982  0.00136  0.12866,0.12904,4560.69584
1.70003043496533E+018,0.02411 0.10344 0.04786,0.1165,-0.00982  0.00136  0.12866,0.12904,4648.58291
1.70003043503215E+018,0.02411 0.10344 0.04786,0.1165,-0.00982  0.00136  0.12866,0.12904,4737.82749
1.70003043509898E+018,0.02411 0.10344 0.04786,0.1165,-0.00982  0.00136  0.12866,0.12904,4828.50095
1.70003043516582E+018,0.02411 0.10344 0.04786,0.1165,-0.00982  0.00136  0.12866,0.12904,4920.48863
1.70003043523266E+018,0.02411 0.10344 0.04786,0.1165,-0.00982  0.00136  0.12866,0.12904,5013.7916
1.70003043529951E+018,0.02411 0.10344 0.04786,0.1165,-0.00982  0.00136  0.12866,0.12904,5108.51762
1.70003043536636E+018,0.02411 0.10344 0.04786,0.1165,-0.00982  0.00136  0.12866,0.12904,5204.62442
1.70003043543313E+018,0.02411 0.10344 0.04786,0.1165,-0.00982  0.00136  0.12866,0.12904,5301.98114
1.70003043550007E+018,0.02411 0.10344 0.04786,0.1165,-0.00982  0.00136  0.12866,0.12904,5400.87732
1.70003043556726E+018,0.02411 0.10344 0.04786,0.1165,-0.00982  0.00136  0.12866,0.12904,5501.45376
1.70003043563446E+018,0.02411 0.10344 0.04786,0.1165,-0.00982  0.00136  0.12866,0.12904,5603.519
1.70003043570167E+018,0.02411 0.10344 0.04786,0.1165,-0.00982  0.00136  0.12866,0.12904,5707.17153
1.70003043576888E+018,0.02411 0.10344 0.04786,0.1165,-0.00982  0.00136  0.12866,0.12904,5812.21138
1.7000304358361E+018,0.02411 0.10344 0.04786,0.1165,-0.00982  0.00136  0.12866,0.12904,5918.67871
1.70003043590332E+018,0.02411 0.10344 0.04786,0.1165,-0.00982  0.00136  0.12866,0.12904,6026.63785
1.70003043597056E+018,0.02411 0.10344 0.04786,0.1165,-0.00982  0.00136  0.12866,0.12904,6136.09561
1.7000304360378E+018,0.02411 0.10344 0.04786,0.1165,-0.00982  0.00136  0.12866,0.12904,6247.0901
1.70003043610504E+018,0.02411 0.10344 0.04786,0.1165,-0.00982  0.00136  0.12866,0.12904,6359.55179
1.70003043617229E+018,0.02411 0.10344 0.04786,0.1165,-0.00982  0.00136  0.12866,0.12904,6473.44556
1.70003043623955E+018,0.02411 0.10344 0.04786,0.1165,-0.00982  0.00136  0.12866,0.12904,6588.9815
1.70003043630681E+018,0.02411 0.10344 0.04786,0.1165,-0.00982  0.00136  0.12866,0.12904,6706.25498
1.70003043637408E+018,0.02411 0.10344 0.04786,0.1165,-0.00982  0.00136  0.12866,0.12904,6825.03307
1.70003043644136E+018,0.02411 0.10344 0.04786,0.1165,-0.00982  0.00136  0.12866,0.12904,6945.35504
1.70003043650817E+018,0.02411 0.10344 0.04786,0.1165,-0.00982  0.00136  0.12866,0.12904,7066.47588
1.70003043657451E+018,0.02411 0.10344 0.04786,0.1165,-0.00982  0.00136  0.12866,0.12904,7188.33611
1.70003043664085E+018,0.02411 0.10344 0.04786,0.1165,-0.00982  0.00136  0.12866,0.12904,7311.86047
1.70003043670718E+018,0.02411 0.10344 0.04786,0.1165,-0.00982  0.00136  0.12866,0.12904,7436.95465
1.70003043677351E+018,0.02411 0.10344 0.04786,0.1165,-0.00982  0.00136  0.12866,0.12904,7563.49731
1.70003043683983E+018,0.02411 0.10344 0.04786,0.1165,-0.00982  0.00136  0.12866,0.12904,7691.68118
1.70003043690614E+018,0.02411 0.10344 0.04786,0.1165,-0.00982  0.00136  0.12866,0.12904,7821.71505
1.70003043697246E+018,0.02411 0.10344 0.04786,0.1165,-0.00982  0.00136  0.12866,0.12904,7953.41246
1.70003043703876E+018,0.02411 0.10344 0.04786,0.1165,-0.00982  0.00136  0.12866,0.12904,8086.68293
1.70003043710507E+018,0.02411 0.10344 0.04786,0.1165,-0.00982  0.00136  0.12866,0.12904,8221.66344
1.70003043717137E+018,0.02411 0.10344 0.04786,0.1165,-0.00982  0.00136  0.12866,0.12904,8358.34157
1.70003043723766E+018,0.02411 0.10344 0.04786,0.1165,-0.00982  0.00136  0.12866,0.12904,8496.73163
1.70003043730395E+018,0.02411 0.10344 0.04786,0.1165,-0.00982  0.00136  0.12866,0.12904,8636.77277
1.70003043737023E+018,0.02411 0.10344 0.04786,0.1165,-0.00982  0.00136  0.12866,0.12904,8778.38757
1.70003043743651E+018,0.02411 0.10344 0.04786,0.1165,-0.00982  0.00136  0.12866,0.12904,8921.83487
1.70003043750283E+018,0.02411 0.10344 0.04786,0.1165,-0.00982  0.00136  0.12866,0.12904,9067.31423
1.70003043756918E+018,0.02411 0.10344 0.04786,0.1165,-0.00982  0.00136  0.12866,0.12904,9214.62149
1.70003043763552E+018,0.02411 0.10344 0.04786,0.1165,-0.00982  0.00136  0.12866,0.12904,9363.67243
1.70003043770186E+018,0.02411 0.10344 0.04786,0.1165,-0.00982  0.00136  0.12866,0.12904,9514.61178
1.70003043776819E+018,0.02411 0.10344 0.04786,0.1165,-0.00982  0.00136  0.12866,0.12904,9667.36187
1.70003043783452E+018,0.02411 0.10344 0.04786,0.1165,-0.00982  0.00136  0.12866,0.12904,9821.9705
1.70003043790085E+018,0.02411 0.10344 0.04786,0.1165,-0.00982  0.00136  0.12866,0.12904,9978.37513
1.70003043796717E+018,0.02411 0.10344 0.04786,0.1165,-0.00982  0.00136  0.12866,0.12904,10136.45328
1.70003043803348E+018,0.02411 0.10344 0.04786,0.1165,-0.00982  0.00136  0.12866,0.12904,10296.52733
1.70003043809979E+018,0.02411 0.10344 0.04786,0.1165,-0.00982  0.00136  0.12866,0.12904,10458.72701
1.7000304381661E+018,0.02411 0.10344 0.04786,0.1165,-0.00982  0.00136  0.12866,0.12904,10622.86501
1.7000304382324E+018,0.02411 0.10344 0.04786,0.1165,-0.00982  0.00136  0.12866,0.12904,10788.89169
1.7000304382987E+018,0.02411 0.10344 0.04786,0.1165,-0.00982  0.00136  0.12866,0.12904,10956.94539
1.70003043836499E+018,0.02411 0.10344 0.04786,0.1165,-0.00982  0.00136  0.12866,0.12904,11126.92589
1.70003043843128E+018,0.02411 0.10344 0.04786,0.1165,-0.00982  0.00136  0.12866,0.12904,11298.88425
1.7000304384976E+018,0.02411 0.10344 0.04786,0.1165,-0.00982  0.00136  0.12866,0.12904,11472.81769
1.70003043856396E+018,0.02411 0.10344 0.04786,0.1165,-0.00982  0.00136  0.12866,0.12904,11648.68443
1.7000304386303E+018,0.02411 0.10344 0.04786,0.1165,-0.00982  0.00136  0.12866,0.12904,11826.80152
1.70003043869665E+018,0.02411 0.10344 0.04786,0.1165,-0.00982  0.00136  0.12866,0.12904,12007.11021
1.70003043876299E+018,0.02411 0.10344 0.04786,0.1165,-0.00982  0.00136  0.12866,0.12904,12189.40506
1.70003043882932E+018,0.02411 0.10344 0.04786,0.1165,-0.00982  0.00136  0.12866,0.12904,12373.7618
1.70003043889565E+018,0.02411 0.10344 0.04786,0.1165,-0.00982  0.00136  0.12866,0.12904,12560.31668
1.70003043896198E+018,0.02411 0.10344 0.04786,0.1165,-0.00982  0.00136  0.12866,0.12904,12748.94893
1.7000304390283E+018,0.02411 0.10344 0.04786,0.1165,-0.00982  0.00136  0.12866,0.12904,12939.67392
1.70003043909461E+018,0.02411 0.10344 0.04786,0.1165,-0.00982  0.00136  0.12866,0.12904,13132.36212
1.70003043916093E+018,0.02411 0.10344 0.04786,0.1165,-0.00982  0.00136  0.12866,0.12904,13327.06208
1.70003043922723E+018,0.02411 0.10344 0.04786,0.1165,-0.00982  0.00136  0.12866,0.12904,13524.19306
1.70003043929354E+018,0.02411 0.10344 0.04786,0.1165,-0.00982  0.00136  0.12866,0.12904,13723.56631
1.70003043935983E+018,0.02411 0.10344 0.04786,0.1165,-0.00982  0.00136  0.12866,0.12904,13925.05169
1.70003043942613E+018,0.02411 0.10344 0.04786,0.1165,-0.00982  0.00136  0.12866,0.12904,14128.76342
1.70003043949245E+018,0.02411 0.10344 0.04786,0.1165,-0.00982  0.00136  0.12866,0.12904,14334.91407
1.70003043955881E+018,0.02411 0.10344 0.04786,0.1165,-0.00982  0.00136  0.12866,0.12904,14543.37814
1.70003043962516E+018,0.02411 0.10344 0.04786,0.1165,-0.00982  0.00136  0.12866,0.12904,14754.03893
1.7000304396915E+018,0.02411 0.10344 0.04786,0.1165,-0.00982  0.00136  0.12866,0.12904,14966.78764
1.70003043975785E+018,0.02411 0.10344 0.04786,0.1165,-0.00982  0.00136  0.12866,0.12904,15181.76783
1.70003043982418E+018,0.02411 0.10344 0.04786,0.1165,-0.00982  0.00136  0.12866,0.12904,15399.31855
1.70003043989052E+018,0.02411 0.10344 0.04786,0.1165,-0.00982  0.00136  0.12866,0.12904,15619.27438
1.70003043995684E+018,0.02411 0.10344 0.04786,0.1165,-0.00982  0.00136  0.12866,0.12904,15841.4948
1.70003044002317E+018,0.02411 0.10344 0.04786,0.1165,-0.00982  0.00136  0.12866,0.12904,16066.15536
1.70003044008949E+018,0.02411 0.10344 0.04786,0.1165,-0.00982  0.00136  0.12866,0.12904,16293.2565
1.7000304401558E+018,0.02411 0.10344 0.04786,0.1165,-0.00982  0.00136  0.12866,0.12904,16522.67412
1.70003044022211E+018,0.02411 0.10344 0.04786,0.1165,-0.00982  0.00136  0.12866,0.12904,16754.45667
1.70003044028841E+018,0.02411 0.10344 0.04786,0.1165,-0.00982  0.00136  0.12866,0.12904,16988.39895
1.70003044035471E+018,0.02411 0.10344 0.04786,0.1165,-0.00982  0.00136  0.12866,0.12904,17224.83272
1.70003044042101E+018,0.02411 0.10344 0.04786,0.1165,-0.00982  0.00136  0.12866,0.12904,17463.94357
1.70003044048734E+018,0.02411 0.10344 0.04786,0.1165,-0.00982  0.00136  0.12866,0.12904,17705.69934
1.70003044055369E+018,0.02411 0.10344 0.04786,0.1165,-0.00982  0.00136  0.12866,0.12904,17949.99558
1.70003044062005E+018,0.02411 0.10344 0.04786,0.1165,-0.00982  0.00136  0.12866,0.12904,18196.92904
1.7000304406864E+018,0.02411 0.10344 0.04786,0.1165,-0.00982  0.00136  0.12866,0.12904,18446.33692
1.70003044075274E+018,0.02411 0.10344 0.04786,0.1165,-0.00982  0.00136  0.12866,0.12904,18698.22363
1.70003044081908E+018,0.02411 0.10344 0.04786,0.1165,-0.00982  0.00136  0.12866,0.12904,18952.56507
1.70003044088541E+018,0.02411 0.10344 0.04786,0.1165,-0.00982  0.00136  0.12866,0.12904,19209.26102
1.70003044095174E+018,0.02411 0.10344 0.04786,0.1165,-0.00982  0.00136  0.12866,0.12904,19468.78709
1.70003044101806E+018,0.02411 0.10344 0.04786,0.1165,-0.00982  0.00136  0.12866,0.12904,19731.0162
1.70003044108438E+018,0.02411 0.10344 0.04786,0.1165,-0.00982  0.00136  0.12866,0.12904,19995.78912
1.7000304411507E+018,0.02411 0.10344 0.04786,0.1165,-0.00982  0.00136  0.12866,0.12904,20263.22752
1.70003044121701E+018,0.02411 0.10344 0.04786,0.1165,-0.00982  0.00136  0.12866,0.12904,20533.47645
1.70003044128332E+018,0.02411 0.10344 0.04786,0.1165,-0.00982  0.00136  0.12866,0.12904,20806.29248
1.70003044134962E+018,0.02411 0.10344 0.04786,0.1165,-0.00982  0.00136  0.12866,0.12904,21081.67392
1.70003044141591E+018,0.02411 0.10344 0.04786,0.1165,-0.00982  0.00136  0.12866,0.12904,21359.56825
1.70003044148245E+018,0.02411 0.10344 0.04786,0.1165,-0.00982  0.00136  0.12866,0.12904,21641.05303
1.70003044154924E+018,0.02411 0.10344 0.04786,0.1165,-0.00982  0.00136  0.12866,0.12904,21926.61939
1.70003044161603E+018,0.02411 0.10344 0.04786,0.1165,-0.00982  0.00136  0.12866,0.12904,22215.07363
1.70003044168282E+018,0.02411 0.10344 0.04786,0.1165,-0.00982  0.00136  0.12866,0.12904,22506.33196
1.70003044174962E+018,0.02411 0.10344 0.04786,0.1165,-0.00982  0.00136  0.12866,0.12904,22800.53815
1.70003044181643E+018,0.02411 0.10344 0.04786,0.1165,-0.00982  0.00136  0.12866,0.12904,23097.57091
1.70003044188325E+018,0.02411 0.10344 0.04786,0.1165,-0.00982  0.00136  0.12866,0.12904,23397.36555
1.70003044195007E+018,0.02411 0.10344 0.04786,0.1165,-0.00982  0.00136  0.12866,0.12904,23699.83918
1.7000304420169E+018,0.02411 0.10344 0.04786,0.1165,-0.00982  0.00136  0.12866,0.12904,24005.06735
1.70003044208373E+018,0.02411 0.10344 0.04786,0.1165,-0.00982  0.00136  0.12866,0.12904,24313.32859
1.70003044215057E+018,0.02411 0.10344 0.04786,0.1165,-0.00982  0.00136  0.12866,0.12904,24624.72254
1.70003044221742E+018,0.02411 0.10344 0.04786,0.1165,-0.00982  0.00136  0.12866,0.12904,24939.06304
1.70003044228428E+018,0.02411 0.10344 0.04786,0.1165,-0.00982  0.00136  0.12866,0.12904,25256.33884
1.70003044235113E+018,0.02411 0.10344 0.04786,0.1165,-0.00982  0.00136  0.12866,0.12904,25576.84756
1.700030442418E+018,0.02411 0.10344 0.04786,0.1165,-0.00982  0.00136  0.12866,0.12904,25900.34024
1.70003044248465E+018,0.02411 0.10344 0.04786,0.1165,-0.00982  0.00136  0.12866,0.12904,26225.79591
1.70003044255109E+018,0.02411 0.10344 0.04786,0.1165,-0.00982  0.00136  0.12866,0.12904,26553.12382
1.70003044261752E+018,0.02411 0.10344 0.04786,0.1165,-0.00982  0.00136  0.12866,0.12904,26883.19295
1.70003044268395E+018,0.02411 0.10344 0.04786,0.1165,-0.00982  0.00136  0.12866,0.12904,27216.36006
1.70003044275038E+018,0.02411 0.10344 0.04786,0.1165,-0.00982  0.00136  0.12866,0.12904,27552.75302
1.70003044281681E+018,0.02411 0.10344 0.04786,0.1165,-0.00982  0.00136  0.12866,0.12904,27892.17748
1.70003044288323E+018,0.02411 0.10344 0.04786,0.1165,-0.00982  0.00136  0.12866,0.12904,28234.63626
1.70003044294964E+018,0.02411 0.10344 0.04786,0.1165,-0.00982  0.00136  0.12866,0.12904,28580.36883
1.70003044301606E+018,0.02411 0.10344 0.04786,0.1165,-0.00982  0.00136  0.12866,0.12904,28929.06626
1.70003044308247E+018,0.02411 0.10344 0.04786,0.1165,-0.00982  0.00136  0.12866,0.12904,29280.82544
1.70003044314887E+018,0.02411 0.10344 0.04786,0.1165,-0.00982  0.00136  0.12866,0.12904,29635.56806
1.70003044321528E+018,0.02411 0.10344 0.04786,0.1165,-0.00982  0.00136  0.12866,0.12904,29993.2275
1.70003044328168E+018,0.02411 0.10344 0.04786,0.1165,-0.00982  0.00136  0.12866,0.12904,30354.26469
1.70003044334807E+018,0.02411 0.10344 0.04786,0.1165,-0.00982  0.00136  0.12866,0.12904,30718.62174
1.70003044341447E+018,0.02411 0.10344 0.04786,0.1165,-0.00982  0.00136  0.12866,0.12904,31086.15527
1.70003044348088E+018,0.02411 0.10344 0.04786,0.1165,-0.00982  0.00136  0.12866,0.12904,31457.11732
1.70003044354732E+018,0.02411 0.10344 0.04786,0.1165,-0.00982  0.00136  0.12866,0.12904,31831.7191
1.70003044361375E+018,0.02411 0.10344 0.04786,0.1165,-0.00982  0.00136  0.12866,0.12904,32209.42697
1.70003044368018E+018,0.02411 0.10344 0.04786,0.1165,-0.00982  0.00136  0.12866,0.12904,32590.32228
1.70003044374661E+018,0.02411 0.10344 0.04786,0.1165,-0.00982  0.00136  0.12866,0.12904,32974.37901
1.70003044381303E+018,0.02411 0.10344 0.04786,0.1165,-0.00982  0.00136  0.12866,0.12904,33361.48758
1.70003044387945E+018,0.02411 0.10344 0.04786,0.1165,-0.00982  0.00136  0.12866,0.12904,33752.23614
1.70003044394587E+018,0.02411 0.10344 0.04786,0.1165,-0.00982  0.00136  0.12866,0.12904,34146.38424
1.70003044401228E+018,0.02411 0.10344 0.04786,0.1165,-0.00982  0.00136  0.12866,0.12904,34543.85774
1.70003044407869E+018,0.02411 0.10344 0.04786,0.1165,-0.00982  0.00136  0.12866,0.12904,34944.76301
1.70003044414509E+018,0.02411 0.10344 0.04786,0.1165,-0.00982  0.00136  0.12866,0.12904,35349.26334
1.7000304442115E+018,0.02411 0.10344 0.04786,0.1165,-0.00982  0.00136  0.12866,0.12904,35757.02472
1.70003044427789E+018,0.02411 0.10344 0.04786,0.1165,-0.00982  0.00136  0.12866,0.12904,36168.00596
1.70003044434429E+018,0.02411 0.10344 0.04786,0.1165,-0.00982  0.00136  0.12866,0.12904,36582.21585
1.70003044441068E+018,0.02411 0.10344 0.04786,0.1165,-0.00982  0.00136  0.12866,0.12904,36999.75914
1.70003044447718E+018,0.02411 0.10344 0.04786,0.1165,-0.00982  0.00136  0.12866,0.12904,37421.856
1.70003044454378E+018,0.02411 0.10344 0.04786,0.1165,-0.00982  0.00136  0.12866,0.12904,37848.26884
1.70003044461038E+018,0.02411 0.10344 0.04786,0.1165,-0.00982  0.00136  0.12866,0.12904,38278.17999
1.70003044467699E+018,0.02411 0.10344 0.04786,0.1165,-0.00982  0.00136  0.12866,0.12904,38711.82634
1.70003044474359E+018,0.02411 0.10344 0.04786,0.1165,-0.00982  0.00136  0.12866,0.12904,39149.13988
1.7000304448102E+018,0.02411 0.10344 0.04786,0.1165,-0.00982  0.00136  0.12866,0.12904,39589.91098
1.7000304448768E+018,0.02411 0.10344 0.04786,0.1165,-0.00982  0.00136  0.12866,0.12904,40034.23803
1.70003044494341E+018,0.02411 0.10344 0.04786,0.1165,-0.00982  0.00136  0.12866,0.12904,40481.96822
1.70003044501002E+018,0.02411 0.10344 0.04786,0.1165,-0.00982  0.00136  0.12866,0.12904,40933.40606
1.70003044507663E+018,0.02411 0.10344 0.04786,0.1165,-0.00982  0.00136  0.12866,0.12904,41388.67666
1.70003044514324E+018,0.02411 0.10344 0.04786,0.1165,-0.00982  0.00136  0.12866,0.12904,41847.56236
1.70003044520985E+018,0.02411 0.10344 0.04786,0.1165,-0.00982  0.00136  0.12866,0.12904,42310.16172
1.70003044527646E+018,0.02411 0.10344 0.04786,0.1165,-0.00982  0.00136  0.12866,0.12904,42776.81576
1.70003044534307E+018,0.02411 0.10344 0.04786,0.1165,-0.00982  0.00136  0.12866,0.12904,43246.967
1.70003044540968E+018,0.02411 0.10344 0.04786,0.1165,-0.00982  0.00136  0.12866,0.12904,43720.79482
1.70003044547627E+018,0.02411 0.10344 0.04786,0.1165,-0.00982  0.00136  0.12866,0.12904,44197.95367
1.70003044554317E+018,0.02411 0.10344 0.04786,0.1165,-0.00982  0.00136  0.12866,0.12904,44680.82727
1.7000304456104E+018,0.02411 0.10344 0.04786,0.1165,-0.00982  0.00136  0.12866,0.12904,45170.0631
1.70003044567764E+018,0.02411 0.10344 0.04786,0.1165,-0.00982  0.00136  0.12866,0.12904,45663.15362
1.70003044574489E+018,0.02411 0.10344 0.04786,0.1165,-0.00982  0.00136  0.12866,0.12904,46160.12488
1.70003044581215E+018,0.02411 0.10344 0.04786,0.1165,-0.00982  0.00136  0.12866,0.12904,46661.12521
1.70003044587941E+018,0.02411 0.10344 0.04786,0.1165,-0.00982  0.00136  0.12866,0.12904,47166.3489
1.70003044594668E+018,0.02411 0.10344 0.04786,0.1165,-0.00982  0.00136  0.12866,0.12904,47675.28924
1.70003044601395E+018,0.02411 0.10344 0.04786,0.1165,-0.00982  0.00136  0.12866,0.12904,48188.24106
1.70003044608124E+018,0.02411 0.10344 0.04786,0.1165,-0.00982  0.00136  0.12866,0.12904,48705.04898
1.70003044614852E+018,0.02411 0.10344 0.04786,0.1165,-0.00982  0.00136  0.12866,0.12904,49225.79265
1.70003044621582E+018,0.02411 0.10344 0.04786,0.1165,-0.00982  0.00136  0.12866,0.12904,49750.88063
1.70003044628312E+018,0.02411 0.10344 0.04786,0.1165,-0.00982  0.00136  0.12866,0.12904,50280.21649
1.70003044635043E+018,0.02411 0.10344 0.04786,0.1165,-0.00982  0.00136  0.12866,0.12904,50813.61648
1.70003044641775E+018,0.02411 0.10344 0.04786,0.1165,-0.00982  0.00136  0.12866,0.12904,51351.27653
1.70003044648507E+018,0.02411 0.10344 0.04786,0.1165,-0.00982  0.00136  0.12866,0.12904,51893.42558
1.70003044655193E+018,0.02411 0.10344 0.04786,0.1165,-0.00982  0.00136  0.12866,0.12904,52435.60388
1.70003044661832E+018,0.02411 0.10344 0.04786,0.1165,-0.00982  0.00136  0.12866,0.12904,52977.86715
1.70003044668471E+018,0.02411 0.10344 0.04786,0.1165,-0.00982  0.00136  0.12866,0.12904,53523.97781
1.70003044675109E+018,0.02411 0.10344 0.04786,0.1165,-0.00982  0.00136  0.12866,0.12904,54073.89049
1.70003044681747E+018,0.02411 0.10344 0.04786,0.1165,-0.00982  0.00136  0.12866,0.12904,54628.30062
1.70003044688385E+018,0.02411 0.10344 0.04786,0.1165,-0.00982  0.00136  0.12866,0.12904,55186.96133
1.70003044695022E+018,0.02411 0.10344 0.04786,0.1165,-0.00982  0.00136  0.12866,0.12904,55749.66541
1.70003044701659E+018,0.02411 0.10344 0.04786,0.1165,-0.00982  0.00136  0.12866,0.12904,56316.62104
1.70003044708295E+018,0.02411 0.10344 0.04786,0.1165,-0.00982  0.00136  0.12866,0.12904,56887.67476
1.70003044714931E+018,0.02411 0.10344 0.04786,0.1165,-0.00982  0.00136  0.12866,0.12904,57462.48551
1.70003044721566E+018,0.02411 0.10344 0.04786,0.1165,-0.00982  0.00136  0.12866,0.12904,58040.97637
1.70003044728201E+018,0.02411 0.10344 0.04786,0.1165,-0.00982  0.00136  0.12866,0.12904,58623.38239
1.70003044734836E+018,0.02411 0.10344 0.04786,0.1165,-0.00982  0.00136  0.12866,0.12904,59209.92372
1.7000304474147E+018,0.02411 0.10344 0.04786,0.1165,-0.00982  0.00136  0.12866,0.12904,59800.86294
1.70003044748104E+018,0.02411 0.10344 0.04786,0.1165,-0.00982  0.00136  0.12866,0.12904,60396.09732
1.70003044754741E+018,0.02411 0.10344 0.04786,0.1165,-0.00982  0.00136  0.12866,0.12904,60995.83089
1.7000304476138E+018,0.02411 0.10344 0.04786,0.1165,-0.00982  0.00136  0.12866,0.12904,61600.4023
1.70003044768019E+018,0.02411 0.10344 0.04786,0.1165,-0.00982  0.00136  0.12866,0.12904,62209.19497
1.70003044774657E+018,0.02411 0.10344 0.04786,0.1165,-0.00982  0.00136  0.12866,0.12904,62822.31928
1.70003044781295E+018,0.02411 0.10344 0.04786,0.1165,-0.00982  0.00136  0.12866,0.12904,63439.69272
1.70003044787933E+018,0.02411 0.10344 0.04786,0.1165,-0.00982  0.00136  0.12866,0.12904,64061.24327
1.7000304479457E+018,0.02411 0.10344 0.04786,0.1165,-0.00982  0.00136  0.12866,0.12904,64687.17825
1.70003044801207E+018,0.02411 0.10344 0.04786,0.1165,-0.00982  0.00136  0.12866,0.12904,65317.93196
1.70003044807843E+018,0.02411 0.10344 0.04786,0.1165,-0.00982  0.00136  0.12866,0.12904,65953.22484
1.70003044814479E+018,0.02411 0.10344 0.04786,0.1165,-0.00982  0.00136  0.12866,0.12904,66592.85516
1.70003044821115E+018,0.02411 0.10344 0.04786,0.1165,-0.00982  0.00136  0.12866,0.12904,67237.20454
1.7000304482775E+018,0.02411 0.10344 0.04786,0.1165,-0.00982  0.00136  0.12866,0.12904,67886.12571
1.70003044834384E+018,0.02411 0.10344 0.04786,0.1165,-0.00982  0.00136  0.12866,0.12904,68539.32916
1.70003044841018E+018,0.02411 0.10344 0.04786,0.1165,-0.00982  0.00136  0.12866,0.12904,69197.0217
1.70003044847652E+018,0.02411 0.10344 0.04786,0.1165,-0.00982  0.00136  0.12866,0.12904,69859.00108
1.7000304485431E+018,0.02411 0.10344 0.04786,0.1165,-0.00982  0.00136  0.12866,0.12904,70528.06345
1.70003044860993E+018,0.02411 0.10344 0.04786,0.1165,-0.00982  0.00136  0.12866,0.12904,71204.96623
1.70003044867677E+018,0.02411 0.10344 0.04786,0.1165,-0.00982  0.00136  0.12866,0.12904,71886.87073
1.70003044874361E+018,0.02411 0.10344 0.04786,0.1165,-0.00982  0.00136  0.12866,0.12904,72573.60048
1.70003044881046E+018,0.02411 0.10344 0.04786,0.1165,-0.00982  0.00136  0.12866,0.12904,73265.4935
1.70003044887731E+018,0.02411 0.10344 0.04786,0.1165,-0.00982  0.00136  0.12866,0.12904,73962.45711
1.70003044894417E+018,0.02411 0.10344 0.04786,0.1165,-0.00982  0.00136  0.12866,0.12904,74664.11837
1.70003044901104E+018,0.02411 0.10344 0.04786,0.1165,-0.00982  0.00136  0.12866,0.12904,75370.63646
1.70003044907792E+018,0.02411 0.10344 0.04786,0.1165,-0.00982  0.00136  0.12866,0.12904,76081.87218
1.7000304491448E+018,0.02411 0.10344 0.04786,0.1165,-0.00982  0.00136  0.12866,0.12904,76798.10886
1.70003044921169E+018,0.02411 0.10344 0.04786,0.1165,-0.00982  0.00136  0.12866,0.12904,77519.89515
1.70003044927859E+018,0.02411 0.10344 0.04786,0.1165,-0.00982  0.00136  0.12866,0.12904,78247.02464
1.70003044934549E+018,0.02411 0.10344 0.04786,0.1165,-0.00982  0.00136  0.12866,0.12904,78979.25888
1.7000304494124E+018,0.02411 0.10344 0.04786,0.1165,-0.00982  0.00136  0.12866,0.12904,79716.97789
1.70003044947932E+018,0.02411 0.10344 0.04786,0.1165,-0.00982  0.00136  0.12866,0.12904,80459.69152
1.70003044954612E+018,0.02411 0.10344 0.04786,0.1165,-0.00982  0.00136  0.12866,0.12904,81206.08879
1.7000304496128E+018,0.02411 0.10344 0.04786,0.1165,-0.00982  0.00136  0.12866,0.12904,81956.14386
1.70003044967948E+018,0.02411 0.10344 0.04786,0.1165,-0.00982  0.00136  0.12866,0.12904,82711.05127
1.70003044974617E+018,0.02411 0.10344 0.04786,0.1165,-0.00982  0.00136  0.12866,0.12904,83471.47797
1.70003044981286E+018,0.02411 0.10344 0.04786,0.1165,-0.00982  0.00136  0.12866,0.12904,84237.53366
1.70003044987955E+018,0.02411 0.10344 0.04786,0.1165,-0.00982  0.00136  0.12866,0.12904,85008.82933
1.70003044994624E+018,0.02411 0.10344 0.04786,0.1165,-0.00982  0.00136  0.12866,0.12904,85785.52644
1.70003045001294E+018,0.02411 0.10344 0.04786,0.1165,-0.00982  0.00136  0.12866,0.12904,86568.05043
1.70003045007964E+018,0.02411 0.10344 0.04786,0.1165,-0.00982  0.00136  0.12866,0.12904,87355.48845
1.70003045014634E+018,0.02411 0.10344 0.04786,0.1165,-0.00982  0.00136  0.12866,0.12904,88148.07659
1.70003045021304E+018,0.02411 0.10344 0.04786,0.1165,-0.00982  0.00136  0.12866,0.12904,88945.87869
1.70003045027974E+018,0.02411 0.10344 0.04786,0.1165,-0.00982  0.00136  0.12866,0.12904,89748.69983
1.70003045034645E+018,0.02411 0.10344 0.04786,0.1165,-0.00982  0.00136  0.12866,0.12904,90557.19247
1.70003045041316E+018,0.02411 0.10344 0.04786,0.1165,-0.00982  0.00136  0.12866,0.12904,91371.22329
1.70003045047987E+018,0.02411 0.10344 0.04786,0.1165,-0.00982  0.00136  0.12866,0.12904,92190.68198
1.70003045054654E+018,0.02411 0.10344 0.04786,0.1165,-0.00982  0.00136  0.12866,0.12904,93015.21366
1.70003045061316E+018,0.02411 0.10344 0.04786,0.1165,-0.00982  0.00136  0.12866,0.12904,93844.67171
1.70003045068023E+018,0.02411 0.10344 0.04786,0.1165,-0.00982  0.00136  0.12866,0.12904,94684.98374
1.7000304507473E+018,0.02411 0.10344 0.04786,0.1165,-0.00982  0.00136  0.12866,0.12904,95530.51969
1.70003045081438E+018,0.02411 0.10344 0.04786,0.1165,-0.00982  0.00136  0.12866,0.12904,96381.57835
1.70003045088147E+018,0.02411 0.10344 0.04786,0.1165,-0.00982  0.00136  0.12866,0.12904,97238.2375
1.70003045094856E+018,0.02411 0.10344 0.04786,0.1165,-0.00982  0.00136  0.12866,0.12904,98101.26127
1.70003045101565E+018,0.02411 0.10344 0.04786,0.1165,-0.00982  0.00136  0.12866,0.12904,98970.24104
1.70003045108275E+018,0.02411 0.10344 0.04786,0.1165,-0.00982  0.00136  0.12866,0.12904,99844.81417
1.70003045114986E+018,0.02411 0.10344 0.04786,0.1165,-0.00982  0.00136  0.12866,0.12904,100725.50274
1.70003045121697E+018,0.02411 0.10344 0.04786,0.1165,-0.00982  0.00136  0.12866,0.12904,101612.22395
1.70003045128408E+018,0.02411 0.10344 0.04786,0.1165,-0.00982  0.00136  0.12866,0.12904,102504.76054
1.7000304513512E+018,0.02411 0.10344 0.04786,0.1165,-0.00982  0.00136  0.12866,0.12904,103403.19017
1.70003045141832E+018,0.02411 0.10344 0.04786,0.1165,-0.00982  0.00136  0.12866,0.12904,104307.54455
1.70003045148545E+018,0.02411 0.10344 0.04786,0.1165,-0.00982  0.00136  0.12866,0.12904,105217.85651
1.70003045155258E+018,0.02411 0.10344 0.04786,0.1165,-0.00982  0.00136  0.12866,0.12904,106134.81
1.70003045161972E+018,0.02411 0.10344 0.04786,0.1165,-0.00982  0.00136  0.12866,0.12904,107058.31718
1.7000304516866E+018,0.02411 0.10344 0.04786,0.1165,-0.00982  0.00136  0.12866,0.12904,107984.3655
1.70003045175349E+018,0.02411 0.10344 0.04786,0.1165,-0.00982  0.00136  0.12866,0.12904,108916.84867
1.70003045182039E+018,0.02411 0.10344 0.04786,0.1165,-0.00982  0.00136  0.12866,0.12904,109855.85393
1.7000304518873E+018,0.02411 0.10344 0.04786,0.1165,-0.00982  0.00136  0.12866,0.12904,110800.91169
1.70003045195421E+018,0.02411 0.10344 0.04786,0.1165,-0.00982  0.00136  0.12866,0.12904,111752.14655
1.70003045202114E+018,0.02411 0.10344 0.04786,0.1165,-0.00982  0.00136  0.12866,0.12904,112709.60397
1.70003045208807E+018,0.02411 0.10344 0.04786,0.1165,-0.00982  0.00136  0.12866,0.12904,113673.23462
1.70003045215501E+018,0.02411 0.10344 0.04786,0.1165,-0.00982  0.00136  0.12866,0.12904,114644.21441
1.70003045222195E+018,0.02411 0.10344 0.04786,0.1165,-0.00982  0.00136  0.12866,0.12904,115622.0925
1.70003045228891E+018,0.02411 0.10344 0.04786,0.1165,-0.00982  0.00136  0.12866,0.12904,116606.31344
1.70003045235587E+018,0.02411 0.10344 0.04786,0.1165,-0.00982  0.00136  0.12866,0.12904,117597.39721
1.70003045242284E+018,0.02411 0.10344 0.04786,0.1165,-0.00982  0.00136  0.12866,0.12904,118595.37215
1.70003045248981E+018,0.02411 0.10344 0.04786,0.1165,-0.00982  0.00136  0.12866,0.12904,119599.68898
1.7000304525568E+018,0.02411 0.10344 0.04786,0.1165,-0.00982  0.00136  0.12866,0.12904,120610.59031
1.70003045262379E+018,0.02411 0.10344 0.04786,0.1165,-0.00982  0.00136  0.12866,0.12904,121627.95065
1.70003045269032E+018,0.02411 0.10344 0.04786,0.1165,-0.00982  0.00136  0.12866,0.12904,122644.80431
1.70003045275685E+018,0.02411 0.10344 0.04786,0.1165,-0.00982  0.00136  0.12866,0.12904,123669.00944
1.70003045282338E+018,0.02411 0.10344 0.04786,0.1165,-0.00982  0.00136  0.12866,0.12904,124700.2364
1.70003045288991E+018,0.02411 0.10344 0.04786,0.1165,-0.00982  0.00136  0.12866,0.12904,125738.07014
1.70003045295643E+018,0.02411 0.10344 0.04786,0.1165,-0.00982  0.00136  0.12866,0.12904,126782.93666
1.70003045302295E+018,0.02411 0.10344 0.04786,0.1165,-0.00982  0.00136  0.12866,0.12904,127834.73324
1.70003045308947E+018,0.02411 0.10344 0.04786,0.1165,-0.00982  0.00136  0.12866,0.12904,128893.13268
1.70003045315599E+018,0.02411 0.10344 0.04786,0.1165,-0.00982  0.00136  0.12866,0.12904,129958.3363
1.70003045322251E+018,0.02411 0.10344 0.04786,0.1165,-0.00982  0.00136  0.12866,0.12904,131029.98082
1.70003045328902E+018,0.02411 0.10344 0.04786,0.1165,-0.00982  0.00136  0.12866,0.12904,132108.52365
1.70003045335553E+018,0.02411 0.10344 0.04786,0.1165,-0.00982  0.00136  0.12866,0.12904,133194.76535
1.70003045342204E+018,0.02411 0.10344 0.04786,0.1165,-0.00982  0.00136  0.12866,0.12904,134288.31007
1.70003045348855E+018,0.02411 0.10344 0.04786,0.1165,-0.00982  0.00136  0.12866,0.12904,135388.87645
1.70003045355506E+018,0.02411 0.10344 0.04786,0.1165,-0.00982  0.00136  0.12866,0.12904,136496.91731
1.70003045362156E+018,0.02411 0.10344 0.04786,0.1165,-0.00982  0.00136  0.12866,0.12904,137611.92657
1.7000304536881E+018,0.02411 0.10344 0.04786,0.1165,-0.00982  0.00136  0.12866,0.12904,138734.33682
1.70003045375463E+018,0.02411 0.10344 0.04786,0.1165,-0.00982  0.00136  0.12866,0.12904,139863.86802
1.70003045382116E+018,0.02411 0.10344 0.04786,0.1165,-0.00982  0.00136  0.12866,0.12904,141000.32786
1.70003045388769E+018,0.02411 0.10344 0.04786,0.1165,-0.00982  0.00136  0.12866,0.12904,142144.25821
1.70003045395421E+018,0.02411 0.10344 0.04786,0.1165,-0.00982  0.00136  0.12866,0.12904,143296.04013
1.70003045402074E+018,0.02411 0.10344 0.04786,0.1165,-0.00982  0.00136  0.12866,0.12904,144455.41577
1.70003045408726E+018,0.02411 0.10344 0.04786,0.1165,-0.00982  0.00136  0.12866,0.12904,145622.19826
1.70003045415378E+018,0.02411 0.10344 0.04786,0.1165,-0.00982  0.00136  0.12866,0.12904,146796.87095
1.7000304542203E+018,0.02411 0.10344 0.04786,0.1165,-0.00982  0.00136  0.12866,0.12904,147978.69479
1.70003045428682E+018,0.02411 0.10344 0.04786,0.1165,-0.00982  0.00136  0.12866,0.12904,149167.84364
1.70003045435333E+018,0.02411 0.10344 0.04786,0.1165,-0.00982  0.00136  0.12866,0.12904,150364.30941
1.70003045441984E+018,0.02411 0.10344 0.04786,0.1165,-0.00982  0.00136  0.12866,0.12904,151567.96491
1.70003045448635E+018,0.02411 0.10344 0.04786,0.1165,-0.00982  0.00136  0.12866,0.12904,152779.74709
1.70003045455286E+018,0.02411 0.10344 0.04786,0.1165,-0.00982  0.00136  0.12866,0.12904,153999.53647
1.70003045461937E+018,0.02411 0.10344 0.04786,0.1165,-0.00982  0.00136  0.12866,0.12904,155227.08461
1.70003045468636E+018,0.02411 0.10344 0.04786,0.1165,-0.00982  0.00136  0.12866,0.12904,156471.64953
1.70003045475367E+018,0.02411 0.10344 0.04786,0.1165,-0.00982  0.00136  0.12866,0.12904,157730.59851
1.70003045482099E+018,0.02411 0.10344 0.04786,0.1165,-0.00982  0.00136  0.12866,0.12904,158997.41325
1.70003045488831E+018,0.02411 0.10344 0.04786,0.1165,-0.00982  0.00136  0.12866,0.12904,160272.09494
1.70003045495564E+018,0.02411 0.10344 0.04786,0.1165,-0.00982  0.00136  0.12866,0.12904,161554.87429
1.70003045502298E+018,0.02411 0.10344 0.04786,0.1165,-0.00982  0.00136  0.12866,0.12904,162845.71735
1.70003045509033E+018,0.02411 0.10344 0.04786,0.1165,-0.00982  0.00136  0.12866,0.12904,164145.55107
1.70003045515769E+018,0.02411 0.10344 0.04786,0.1165,-0.00982  0.00136  0.12866,0.12904,165454.0096
1.70003045522505E+018,0.02411 0.10344 0.04786,0.1165,-0.00982  0.00136  0.12866,0.12904,166770.89633
1.70003045529242E+018,0.02411 0.10344 0.04786,0.1165,-0.00982  0.00136  0.12866,0.12904,168096.7168
1.7000304553598E+018,0.02411 0.10344 0.04786,0.1165,-0.00982  0.00136  0.12866,0.12904,169431.00264
1.70003045542719E+018,0.02411 0.10344 0.04786,0.1165,-0.00982  0.00136  0.12866,0.12904,170773.54371
1.70003045549458E+018,0.02411 0.10344 0.04786,0.1165,-0.00982  0.00136  0.12866,0.12904,172124.52561
1.70003045556198E+018,0.02411 0.10344 0.04786,0.1165,-0.00982  0.00136  0.12866,0.12904,173483.86657
1.70003045562939E+018,0.02411 0.10344 0.04786,0.1165,-0.00982  0.00136  0.12866,0.12904,174852.19175
1.70003045569647E+018,0.02411 0.10344 0.04786,0.1165,-0.00982  0.00136  0.12866,0.12904,176222.56562
1.70003045576345E+018,0.02411 0.10344 0.04786,0.1165,-0.00982  0.00136  0.12866,0.12904,177599.68147
1.70003045583068E+018,0.02411 0.10344 0.04786,0.1165,-0.00982  0.00136  0.12866,0.12904,178990.6062
1.70003045589791E+018,0.02411 0.10344 0.04786,0.1165,-0.00982  0.00136  0.12866,0.12904,180390.9882
1.70003045596516E+018,0.02411 0.10344 0.04786,0.1165,-0.00982  0.00136  0.12866,0.12904,181799.92696
1.7000304560324E+018,0.02411 0.10344 0.04786,0.1165,-0.00982  0.00136  0.12866,0.12904,183217.60979
1.70003045609966E+018,0.02411 0.10344 0.04786,0.1165,-0.00982  0.00136  0.12866,0.12904,184643.96196
1.70003045616692E+018,0.02411 0.10344 0.04786,0.1165,-0.00982  0.00136  0.12866,0.12904,186078.87403
1.70003045623419E+018,0.02411 0.10344 0.04786,0.1165,-0.00982  0.00136  0.12866,0.12904,187523.265
1.70003045630146E+018,0.02411 0.10344 0.04786,0.1165,-0.00982  0.00136  0.12866,0.12904,188976.88213
1.70003045636874E+018,0.02411 0.10344 0.04786,0.1165,-0.00982  0.00136  0.12866,0.12904,190439.56239
1.70003045643603E+018,0.02411 0.10344 0.04786,0.1165,-0.00982  0.00136  0.12866,0.12904,191911.58428
1.70003045650332E+018,0.02411 0.10344 0.04786,0.1165,-0.00982  0.00136  0.12866,0.12904,193393.36371
1.70003045657062E+018,0.02411 0.10344 0.04786,0.1165,-0.00982  0.00136  0.12866,0.12904,194883.93973
1.70003045663793E+018,0.02411 0.10344 0.04786,0.1165,-0.00982  0.00136  0.12866,0.12904,196383.36904
1.70003045670524E+018,0.02411 0.10344 0.04786,0.1165,-0.00982  0.00136  0.12866,0.12904,197891.85782
1.70003045677208E+018,0.02411 0.10344 0.04786,0.1165,-0.00982  0.00136  0.12866,0.12904,199398.81317
1.70003045683846E+018,0.02411 0.10344 0.04786,0.1165,-0.00982  0.00136  0.12866,0.12904,200904.78934
1.70003045690484E+018,0.02411 0.10344 0.04786,0.1165,-0.00982  0.00136  0.12866,0.12904,202419.70269
1.70003045697121E+018,0.02411 0.10344 0.04786,0.1165,-0.00982  0.00136  0.12866,0.12904,203943.59491
1.70003045703757E+018,0.02411 0.10344 0.04786,0.1165,-0.00982  0.00136  0.12866,0.12904,205476.80363
1.70003045710393E+018,0.02411 0.10344 0.04786,0.1165,-0.00982  0.00136  0.12866,0.12904,207019.32338
1.70003045717029E+018,0.02411 0.10344 0.04786,0.1165,-0.00982  0.00136  0.12866,0.12904,208570.42518
1.70003045723664E+018,0.02411 0.10344 0.04786,0.1165,-0.00982  0.00136  0.12866,0.12904,210130.20922
1.70003045730298E+018,0.02411 0.10344 0.04786,0.1165,-0.00982  0.00136  0.12866,0.12904,211698.90045
1.70003045736932E+018,0.02411 0.10344 0.04786,0.1165,-0.00982  0.00136  0.12866,0.12904,213276.62902
1.70003045743566E+018,0.02411 0.10344 0.04786,0.1165,-0.00982  0.00136  0.12866,0.12904,214863.8423
1.70003045750199E+018,0.02411 0.10344 0.04786,0.1165,-0.00982  0.00136  0.12866,0.12904,216460.32539
1.70003045756832E+018,0.02411 0.10344 0.04786,0.1165,-0.00982  0.00136  0.12866,0.12904,218066.01526
1.70003045763464E+018,0.02411 0.10344 0.04786,0.1165,-0.00982  0.00136  0.12866,0.12904,219681.46213
1.70003045770096E+018,0.02411 0.10344 0.04786,0.1165,-0.00982  0.00136  0.12866,0.12904,221306.09259
1.70003045776731E+018,0.02411 0.10344 0.04786,0.1165,-0.00982  0.00136  0.12866,0.12904,222940.79918
1.7000304578337E+018,0.02411 0.10344 0.04786,0.1165,-0.00982  0.00136  0.12866,0.12904,224585.47003
1.70003045790008E+018,0.02411 0.10344 0.04786,0.1165,-0.00982  0.00136  0.12866,0.12904,226239.16672
1.70003045796645E+018,0.02411 0.10344 0.04786,0.1165,-0.00982  0.00136  0.12866,0.12904,227902.51566
1.70003045803282E+018,0.02411 0.10344 0.04786,0.1165,-0.00982  0.00136  0.12866,0.12904,229575.39281
1.70003045809919E+018,0.02411 0.10344 0.04786,0.1165,-0.00982  0.00136  0.12866,0.12904,231257.70651
1.70003045816555E+018,0.02411 0.10344 0.04786,0.1165,-0.00982  0.00136  0.12866,0.12904,232949.69723
1.70003045823191E+018,0.02411 0.10344 0.04786,0.1165,-0.00982  0.00136  0.12866,0.12904,234651.9016
1.70003045829826E+018,0.02411 0.10344 0.04786,0.1165,-0.00982  0.00136  0.12866,0.12904,236363.3491
1.70003045836461E+018,0.02411 0.10344 0.04786,0.1165,-0.00982  0.00136  0.12866,0.12904,238084.12815
1.70003045843095E+018,0.02411 0.10344 0.04786,0.1165,-0.00982  0.00136  0.12866,0.12904,239814.21902
1.70003045849729E+018,0.02411 0.10344 0.04786,0.1165,-0.00982  0.00136  0.12866,0.12904,241553.59639
1.70003045856362E+018,0.02411 0.10344 0.04786,0.1165,-0.00982  0.00136  0.12866,0.12904,243303.00598
1.70003045862995E+018,0.02411 0.10344 0.04786,0.1165,-0.00982  0.00136  0.12866,0.12904,245062.09948
1.70003045869627E+018,0.02411 0.10344 0.04786,0.1165,-0.00982  0.00136  0.12866,0.12904,246831.03523
1.70003045876263E+018,0.02411 0.10344 0.04786,0.1165,-0.00982  0.00136  0.12866,0.12904,248611.06688
1.70003045882902E+018,0.02411 0.10344 0.04786,0.1165,-0.00982  0.00136  0.12866,0.12904,250402.21364
1.7000304588954E+018,0.02411 0.10344 0.04786,0.1165,-0.00982  0.00136  0.12866,0.12904,252202.82839
1.70003045896178E+018,0.02411 0.10344 0.04786,0.1165,-0.00982  0.00136  0.12866,0.12904,254012.76492
1.70003045902816E+018,0.02411 0.10344 0.04786,0.1165,-0.00982  0.00136  0.12866,0.12904,255832.48982
1.70003045909453E+018,0.02411 0.10344 0.04786,0.1165,-0.00982  0.00136  0.12866,0.12904,257662.04499
1.7000304591609E+018,0.02411 0.10344 0.04786,0.1165,-0.00982  0.00136  0.12866,0.12904,259501.67395
1.70003045922726E+018,0.02411 0.10344 0.04786,0.1165,-0.00982  0.00136  0.12866,0.12904,261351.09671
1.70003045929362E+018,0.02411 0.10344 0.04786,0.1165,-0.00982  0.00136  0.12866,0.12904,263210.62222
1.70003045935997E+018,0.02411 0.10344 0.04786,0.1165,-0.00982  0.00136  0.12866,0.12904,265080.59603
1.70003045942631E+018,0.02411 0.10344 0.04786,0.1165,-0.00982  0.00136  0.12866,0.12904,266960.79909
1.70003045949266E+018,0.02411 0.10344 0.04786,0.1165,-0.00982  0.00136  0.12866,0.12904,268850.71813
1.700030459559E+018,0.02411 0.10344 0.04786,0.1165,-0.00982  0.00136  0.12866,0.12904,270749.96504
1.70003045962533E+018,0.02411 0.10344 0.04786,0.1165,-0.00982  0.00136  0.12866,0.12904,272658.98687
1.70003045969166E+018,0.02411 0.10344 0.04786,0.1165,-0.00982  0.00136  0.12866,0.12904,274578.34529
1.70003045975816E+018,0.02411 0.10344 0.04786,0.1165,-0.00982  0.00136  0.12866,0.12904,276513.25657
1.70003045982484E+018,0.02411 0.10344 0.04786,0.1165,-0.00982  0.00136  0.12866,0.12904,278463.44473
1.70003045989186E+018,0.02411 0.10344 0.04786,0.1165,-0.00982  0.00136  0.12866,0.12904,280433.88399
1.70003045995887E+018,0.02411 0.10344 0.04786,0.1165,-0.00982  0.00136  0.12866,0.12904,282415.51
1.70003046002589E+018,0.02411 0.10344 0.04786,0.1165,-0.00982  0.00136  0.12866,0.12904,284407.70746
1.70003046009291E+018,0.02411 0.10344 0.04786,0.1165,-0.00982  0.00136  0.12866,0.12904,286410.08552
1.70003046015994E+018,0.02411 0.10344 0.04786,0.1165,-0.00982  0.00136  0.12866,0.12904,288422.62255
1.70003046022697E+018,0.02411 0.10344 0.04786,0.1165,-0.00982  0.00136  0.12866,0.12904,290445.78314
1.700030460294E+018,0.02411 0.10344 0.04786,0.1165,-0.00982  0.00136  0.12866,0.12904,292479.79721
1.70003046036103E+018,0.02411 0.10344 0.04786,0.1165,-0.00982  0.00136  0.12866,0.12904,294524.96184
1.70003046042807E+018,0.02411 0.10344 0.04786,0.1165,-0.00982  0.00136  0.12866,0.12904,296580.73228
1.70003046049512E+018,0.02411 0.10344 0.04786,0.1165,-0.00982  0.00136  0.12866,0.12904,298647.40194
1.70003046056216E+018,0.02411 0.10344 0.04786,0.1165,-0.00982  0.00136  0.12866,0.12904,300725.60594
1.70003046062921E+018,0.02411 0.10344 0.04786,0.1165,-0.00982  0.00136  0.12866,0.12904,302814.91023
1.70003046069626E+018,0.02411 0.10344 0.04786,0.1165,-0.00982  0.00136  0.12866,0.12904,304914.5742
1.70003046076331E+018,0.02411 0.10344 0.04786,0.1165,-0.00982  0.00136  0.12866,0.12904,307024.86721
1.70003046083037E+018,0.02411 0.10344 0.04786,0.1165,-0.00982  0.00136  0.12866,0.12904,309146.0803
1.7000304608967E+018,0.02411 0.10344 0.04786,0.1165,-0.00982  0.00136  0.12866,0.12904,311255.27163
1.70003046096303E+018,0.02411 0.10344 0.04786,0.1165,-0.00982  0.00136  0.12866,0.12904,313375.35681
1.70003046102935E+018,0.02411 0.10344 0.04786,0.1165,-0.00982  0.00136  0.12866,0.12904,315506.12414
1.70003046109567E+018,0.02411 0.10344 0.04786,0.1165,-0.00982  0.00136  0.12866,0.12904,317647.64695
1.70003046116198E+018,0.02411 0.10344 0.04786,0.1165,-0.00982  0.00136  0.12866,0.12904,319800.3876
1.70003046122828E+018,0.02411 0.10344 0.04786,0.1165,-0.00982  0.00136  0.12866,0.12904,321964.27065
1.70003046129458E+018,0.02411 0.10344 0.04786,0.1165,-0.00982  0.00136  0.12866,0.12904,324138.36233
1.70003046136087E+018,0.02411 0.10344 0.04786,0.1165,-0.00982  0.00136  0.12866,0.12904,326322.83919
1.70003046142716E+018,0.02411 0.10344 0.04786,0.1165,-0.00982  0.00136  0.12866,0.12904,328518.07758
1.70003046149344E+018,0.02411 0.10344 0.04786,0.1165,-0.00982  0.00136  0.12866,0.12904,330724.20281
1.70003046155972E+018,0.02411 0.10344 0.04786,0.1165,-0.00982  0.00136  0.12866,0.12904,332941.34668
1.70003046162599E+018,0.02411 0.10344 0.04786,0.1165,-0.00982  0.00136  0.12866,0.12904,335169.12315
1.70003046169226E+018,0.02411 0.10344 0.04786,0.1165,-0.00982  0.00136  0.12866,0.12904,337407.98726
1.70003046175852E+018,0.02411 0.10344 0.04786,0.1165,-0.00982  0.00136  0.12866,0.12904,339658.26799
1.70003046182477E+018,0.02411 0.10344 0.04786,0.1165,-0.00982  0.00136  0.12866,0.12904,341919.50499
1.70003046189187E+018,0.02411 0.10344 0.04786,0.1165,-0.00982  0.00136  0.12866,0.12904,344219.90317
1.7000304619594E+018,0.02411 0.10344 0.04786,0.1165,-0.00982  0.00136  0.12866,0.12904,346546.44067
1.70003046202695E+018,0.02411 0.10344 0.04786,0.1165,-0.00982  0.00136  0.12866,0.12904,348885.21227
1.70003046209452E+018,0.02411 0.10344 0.04786,0.1165,-0.00982  0.00136  0.12866,0.12904,351236.24925
1.7000304621621E+018,0.02411 0.10344 0.04786,0.1165,-0.00982  0.00136  0.12866,0.12904,353599.75529
1.70003046222969E+018,0.02411 0.10344 0.04786,0.1165,-0.00982  0.00136  0.12866,0.12904,355975.51449
1.7000304622973E+018,0.02411 0.10344 0.04786,0.1165,-0.00982  0.00136  0.12866,0.12904,358363.82398
1.70003046236493E+018,0.02411 0.10344 0.04786,0.1165,-0.00982  0.00136  0.12866,0.12904,360765.01192
1.70003046243257E+018,0.02411 0.10344 0.04786,0.1165,-0.00982  0.00136  0.12866,0.12904,363177.871
1.70003046250022E+018,0.02411 0.10344 0.04786,0.1165,-0.00982  0.00136  0.12866,0.12904,365602.7623
1.70003046256789E+018,0.02411 0.10344 0.04786,0.1165,-0.00982  0.00136  0.12866,0.12904,368039.60128
1.70003046263557E+018,0.02411 0.10344 0.04786,0.1165,-0.00982  0.00136  0.12866,0.12904,370488.79263
1.70003046270327E+018,0.02411 0.10344 0.04786,0.1165,-0.00982  0.00136  0.12866,0.12904,372950.58524
1.70003046277099E+018,0.02411 0.10344 0.04786,0.1165,-0.00982  0.00136  0.12866,0.12904,375424.46862
1.70003046283872E+018,0.02411 0.10344 0.04786,0.1165,-0.00982  0.00136  0.12866,0.12904,377911.07318
1.70003046290575E+018,0.02411 0.10344 0.04786,0.1165,-0.00982  0.00136  0.12866,0.12904,380384.59495
1.70003046297208E+018,0.02411 0.10344 0.04786,0.1165,-0.00982  0.00136  0.12866,0.12904,382844.2725
1.7000304630384E+018,0.02411 0.10344 0.04786,0.1165,-0.00982  0.00136  0.12866,0.12904,385314.59007
1.70003046310472E+018,0.02411 0.10344 0.04786,0.1165,-0.00982  0.00136  0.12866,0.12904,387795.51947
1.70003046317104E+018,0.02411 0.10344 0.04786,0.1165,-0.00982  0.00136  0.12866,0.12904,390287.82925
1.70003046323735E+018,0.02411 0.10344 0.04786,0.1165,-0.00982  0.00136  0.12866,0.12904,392791.51642
1.70003046330365E+018,0.02411 0.10344 0.04786,0.1165,-0.00982  0.00136  0.12866,0.12904,395306.95938
1.70003046336994E+018,0.02411 0.10344 0.04786,0.1165,-0.00982  0.00136  0.12866,0.12904,397833.66063
1.70003046343623E+018,0.02411 0.10344 0.04786,0.1165,-0.00982  0.00136  0.12866,0.12904,400371.88915
1.70003046350252E+018,0.02411 0.10344 0.04786,0.1165,-0.00982  0.00136  0.12866,0.12904,402922.19422
1.7000304635688E+018,0.02411 0.10344 0.04786,0.1165,-0.00982  0.00136  0.12866,0.12904,405484.65841
1.70003046363507E+018,0.02411 0.10344 0.04786,0.1165,-0.00982  0.00136  0.12866,0.12904,408057.97448
1.70003046370134E+018,0.02411 0.10344 0.04786,0.1165,-0.00982  0.00136  0.12866,0.12904,410642.10924
1.70003046376761E+018,0.02411 0.10344 0.04786,0.1165,-0.00982  0.00136  0.12866,0.12904,413237.91383
1.70003046383386E+018,0.02411 0.10344 0.04786,0.1165,-0.00982  0.00136  0.12866,0.12904,415845.21953
1.70003046390036E+018,0.02411 0.10344 0.04786,0.1165,-0.00982  0.00136  0.12866,0.12904,418473.85018
1.70003046396721E+018,0.02411 0.10344 0.04786,0.1165,-0.00982  0.00136  0.12866,0.12904,421128.35442
1.70003046403419E+018,0.02411 0.10344 0.04786,0.1165,-0.00982  0.00136  0.12866,0.12904,423800.07549
1.70003046410117E+018,0.02411 0.10344 0.04786,0.1165,-0.00982  0.00136  0.12866,0.12904,426484.46787
1.70003046416815E+018,0.02411 0.10344 0.04786,0.1165,-0.00982  0.00136  0.12866,0.12904,429181.99197
1.70003046423514E+018,0.02411 0.10344 0.04786,0.1165,-0.00982  0.00136  0.12866,0.12904,431891.09649
1.70003046430213E+018,0.02411 0.10344 0.04786,0.1165,-0.00982  0.00136  0.12866,0.12904,434611.84418
1.70003046436912E+018,0.02411 0.10344 0.04786,0.1165,-0.00982  0.00136  0.12866,0.12904,437344.86342
1.70003046443611E+018,0.02411 0.10344 0.04786,0.1165,-0.00982  0.00136  0.12866,0.12904,440090.08929
1.70003046450311E+018,0.02411 0.10344 0.04786,0.1165,-0.00982  0.00136  0.12866,0.12904,442847.7188
1.7000304645701E+018,0.02411 0.10344 0.04786,0.1165,-0.00982  0.00136  0.12866,0.12904,445617.51172
1.7000304646371E+018,0.02411 0.10344 0.04786,0.1165,-0.00982  0.00136  0.12866,0.12904,448399.82276
1.70003046470411E+018,0.02411 0.10344 0.04786,0.1165,-0.00982  0.00136  0.12866,0.12904,451195.00401
1.70003046477111E+018,0.02411 0.10344 0.04786,0.1165,-0.00982  0.00136  0.12866,0.12904,454003.04412
1.70003046483812E+018,0.02411 0.10344 0.04786,0.1165,-0.00982  0.00136  0.12866,0.12904,456822.69401
1.70003046490513E+018,0.02411 0.10344 0.04786,0.1165,-0.00982  0.00136  0.12866,0.12904,459654.04456
1.70003046497201E+018,0.02411 0.10344 0.04786,0.1165,-0.00982  0.00136  0.12866,0.12904,462492.33829
1.7000304650392E+018,0.02411 0.10344 0.04786,0.1165,-0.00982  0.00136  0.12866,0.12904,465356.80776
1.70003046510625E+018,0.02411 0.10344 0.04786,0.1165,-0.00982  0.00136  0.12866,0.12904,468227.00191
1.7000304651733E+018,0.02411 0.10344 0.04786,0.1165,-0.00982  0.00136  0.12866,0.12904,471109.3873
1.70003046524036E+018,0.02411 0.10344 0.04786,0.1165,-0.00982  0.00136  0.12866,0.12904,474004.81279
1.70003046530742E+018,0.02411 0.10344 0.04786,0.1165,-0.00982  0.00136  0.12866,0.12904,476913.77976
1.70003046537448E+018,0.02411 0.10344 0.04786,0.1165,-0.00982  0.00136  0.12866,0.12904,479834.64452
1.70003046544154E+018,0.02411 0.10344 0.04786,0.1165,-0.00982  0.00136  0.12866,0.12904,482767.62019
1.70003046550861E+018,0.02411 0.10344 0.04786,0.1165,-0.00982  0.00136  0.12866,0.12904,485712.41227
1.70003046557568E+018,0.02411 0.10344 0.04786,0.1165,-0.00982  0.00136  0.12866,0.12904,488669.77721
1.70003046564275E+018,0.02411 0.10344 0.04786,0.1165,-0.00982  0.00136  0.12866,0.12904,491640.44454
1.70003046570983E+018,0.02411 0.10344 0.04786,0.1165,-0.00982  0.00136  0.12866,0.12904,494623.7391
1.70003046577691E+018,0.02411 0.10344 0.04786,0.1165,-0.00982  0.00136  0.12866,0.12904,497619.85233
1.70003046584399E+018,0.02411 0.10344 0.04786,0.1165,-0.00982  0.00136  0.12866,0.12904,500629.22625
1.70003046591107E+018,0.02411 0.10344 0.04786,0.1165,-0.00982  0.00136  0.12866,0.12904,503652.43911
1.70003046597799E+018,0.02411 0.10344 0.04786,0.1165,-0.00982  0.00136  0.12866,0.12904,506680.28269
1.70003046604476E+018,0.02411 0.10344 0.04786,0.1165,-0.00982  0.00136  0.12866,0.12904,509713.5483
1.70003046611162E+018,0.02411 0.10344 0.04786,0.1165,-0.00982  0.00136  0.12866,0.12904,512763.42563
1.70003046617847E+018,0.02411 0.10344 0.04786,0.1165,-0.00982  0.00136  0.12866,0.12904,515826.09749
1.70003046624533E+018,0.02411 0.10344 0.04786,0.1165,-0.00982  0.00136  0.12866,0.12904,518901.82284
1.70003046631219E+018,0.02411 0.10344 0.04786,0.1165,-0.00982  0.00136  0.12866,0.12904,521989.94127
1.70003046637904E+018,0.02411 0.10344 0.04786,0.1165,-0.00982  0.00136  0.12866,0.12904,525091.07147
1.7000304664459E+018,0.02411 0.10344 0.04786,0.1165,-0.00982  0.00136  0.12866,0.12904,528205.48718
1.70003046651276E+018,0.02411 0.10344 0.04786,0.1165,-0.00982  0.00136  0.12866,0.12904,531332.97204
1.70003046657961E+018,0.02411 0.10344 0.04786,0.1165,-0.00982  0.00136  0.12866,0.12904,534472.57627
1.70003046664647E+018,0.02411 0.10344 0.04786,0.1165,-0.00982  0.00136  0.12866,0.12904,537624.59328
1.70003046671333E+018,0.02411 0.10344 0.04786,0.1165,-0.00982  0.00136  0.12866,0.12904,540789.49616
1.70003046678019E+018,0.02411 0.10344 0.04786,0.1165,-0.00982  0.00136  0.12866,0.12904,543967.37976
1.70003046684704E+018,0.02411 0.10344 0.04786,0.1165,-0.00982  0.00136  0.12866,0.12904,547158.55132
1.7000304669139E+018,0.02411 0.10344 0.04786,0.1165,-0.00982  0.00136  0.12866,0.12904,550362.56228
1.70003046698076E+018,0.02411 0.10344 0.04786,0.1165,-0.00982  0.00136  0.12866,0.12904,553579.67944
1.70003046704762E+018,0.02411 0.10344 0.04786,0.1165,-0.00982  0.00136  0.12866,0.12904,556810.35781
1.70003046711406E+018,0.02411 0.10344 0.04786,0.1165,-0.00982  0.00136  0.12866,0.12904,560034.04659
1.7000304671805E+018,0.02411 0.10344 0.04786,0.1165,-0.00982  0.00136  0.12866,0.12904,563269.77973
1.70003046724693E+018,0.02411 0.10344 0.04786,0.1165,-0.00982  0.00136  0.12866,0.12904,566517.86415
1.70003046731337E+018,0.02411 0.10344 0.04786,0.1165,-0.00982  0.00136  0.12866,0.12904,569778.92589
1.7000304673798E+018,0.02411 0.10344 0.04786,0.1165,-0.00982  0.00136  0.12866,0.12904,573052.8776
1.70003046744624E+018,0.02411 0.10344 0.04786,0.1165,-0.00982  0.00136  0.12866,0.12904,576340.01836
1.70003046751267E+018,0.02411 0.10344 0.04786,0.1165,-0.00982  0.00136  0.12866,0.12904,579640.05971
1.7000304675791E+018,0.02411 0.10344 0.04786,0.1165,-0.00982  0.00136  0.12866,0.12904,582953.2053
1.70003046764553E+018,0.02411 0.10344 0.04786,0.1165,-0.00982  0.00136  0.12866,0.12904,586279.7456
1.70003046771196E+018,0.02411 0.10344 0.04786,0.1165,-0.00982  0.00136  0.12866,0.12904,589619.49458
1.70003046777838E+018,0.02411 0.10344 0.04786,0.1165,-0.00982  0.00136  0.12866,0.12904,592971.51134
1.70003046784481E+018,0.02411 0.10344 0.04786,0.1165,-0.00982  0.00136  0.12866,0.12904,596335.91605
1.70003046791123E+018,0.02411 0.10344 0.04786,0.1165,-0.00982  0.00136  0.12866,0.12904,599713.47448
1.70003046797766E+018,0.02411 0.10344 0.04786,0.1165,-0.00982  0.00136  0.12866,0.12904,603104.15509
1.70003046804408E+018,0.02411 0.10344 0.04786,0.1165,-0.00982  0.00136  0.12866,0.12904,606507.93746
1.70003046811027E+018,0.02411 0.10344 0.04786,0.1165,-0.00982  0.00136  0.12866,0.12904,609912.91334
1.70003046817646E+018,0.02411 0.10344 0.04786,0.1165,-0.00982  0.00136  0.12866,0.12904,613330.65937
1.70003046824263E+018,0.02411 0.10344 0.04786,0.1165,-0.00982  0.00136  0.12866,0.12904,616761.59614
1.7000304683088E+018,0.02411 0.10344 0.04786,0.1165,-0.00982  0.00136  0.12866,0.12904,620205.0462
1.70003046837496E+018,0.02411 0.10344 0.04786,0.1165,-0.00982  0.00136  0.12866,0.12904,623660.72848
1.70003046844111E+018,0.02411 0.10344 0.04786,0.1165,-0.00982  0.00136  0.12866,0.12904,627128.50827
1.70003046850726E+018,0.02411 0.10344 0.04786,0.1165,-0.00982  0.00136  0.12866,0.12904,630608.98142
1.70003046857339E+018,0.02411 0.10344 0.04786,0.1165,-0.00982  0.00136  0.12866,0.12904,634102.30303
1.70003046863952E+018,0.02411 0.10344 0.04786,0.1165,-0.00982  0.00136  0.12866,0.12904,637608.28072
1.70003046870564E+018,0.02411 0.10344 0.04786,0.1165,-0.00982  0.00136  0.12866,0.12904,641126.79453
1.70003046877175E+018,0.02411 0.10344 0.04786,0.1165,-0.00982  0.00136  0.12866,0.12904,644658.18763
1.70003046883785E+018,0.02411 0.10344 0.04786,0.1165,-0.00982  0.00136  0.12866,0.12904,648202.95166
1.70003046890395E+018,0.02411 0.10344 0.04786,0.1165,-0.00982  0.00136  0.12866,0.12904,651760.07056
1.70003046897004E+018,0.02411 0.10344 0.04786,0.1165,-0.00982  0.00136  0.12866,0.12904,655329.41056
1.70003046903612E+018,0.02411 0.10344 0.04786,0.1165,-0.00982  0.00136  0.12866,0.12904,658911.45424
1.70003046910232E+018,0.02411 0.10344 0.04786,0.1165,-0.00982  0.00136  0.12866,0.12904,662513.04326
1.70003046916851E+018,0.02411 0.10344 0.04786,0.1165,-0.00982  0.00136  0.12866,0.12904,666127.59102
1.70003046923469E+018,0.02411 0.10344 0.04786,0.1165,-0.00982  0.00136  0.12866,0.12904,669754.82172
1.70003046930087E+018,0.02411 0.10344 0.04786,0.1165,-0.00982  0.00136  0.12866,0.12904,673394.6807
1.70003046936704E+018,0.02411 0.10344 0.04786,0.1165,-0.00982  0.00136  0.12866,0.12904,677047.61919
1.7000304694332E+018,0.02411 0.10344 0.04786,0.1165,-0.00982  0.00136  0.12866,0.12904,680714.01745
1.70003046949935E+018,0.02411 0.10344 0.04786,0.1165,-0.00982  0.00136  0.12866,0.12904,684393.03673
1.7000304695655E+018,0.02411 0.10344 0.04786,0.1165,-0.00982  0.00136  0.12866,0.12904,688084.3318
1.70003046963163E+018,0.02411 0.10344 0.04786,0.1165,-0.00982  0.00136  0.12866,0.12904,691788.00012
1.70003046969776E+018,0.02411 0.10344 0.04786,0.1165,-0.00982  0.00136  0.12866,0.12904,695504.59297
1.70003046976388E+018,0.02411 0.10344 0.04786,0.1165,-0.00982  0.00136  0.12866,0.12904,699234.14431
1.70003046982999E+018,0.02411 0.10344 0.04786,0.1165,-0.00982  0.00136  0.12866,0.12904,702976.3495
1.70003046989609E+018,0.02411 0.10344 0.04786,0.1165,-0.00982  0.00136  0.12866,0.12904,706731.18655
1.70003046996219E+018,0.02411 0.10344 0.04786,0.1165,-0.00982  0.00136  0.12866,0.12904,710499.1158
1.70003047002828E+018,0.02411 0.10344 0.04786,0.1165,-0.00982  0.00136  0.12866,0.12904,714280.72349
1.70003047009508E+018,0.02411 0.10344 0.04786,0.1165,-0.00982  0.00136  0.12866,0.12904,718116.12635
1.70003047016204E+018,0.02411 0.10344 0.04786,0.1165,-0.00982  0.00136  0.12866,0.12904,721973.85211
1.700030470229E+018,0.02411 0.10344 0.04786,0.1165,-0.00982  0.00136  0.12866,0.12904,725845.05685
1.70003047029596E+018,0.02411 0.10344 0.04786,0.1165,-0.00982  0.00136  0.12866,0.12904,729730.03422
1.70003047036293E+018,0.02411 0.10344 0.04786,0.1165,-0.00982  0.00136  0.12866,0.12904,733628.89006
1.70003047042989E+018,0.02411 0.10344 0.04786,0.1165,-0.00982  0.00136  0.12866,0.12904,737541.1964
1.70003047049686E+018,0.02411 0.10344 0.04786,0.1165,-0.00982  0.00136  0.12866,0.12904,741467.18115
1.70003047056382E+018,0.02411 0.10344 0.04786,0.1165,-0.00982  0.00136  0.12866,0.12904,745407.31615
1.70003047063079E+018,0.02411 0.10344 0.04786,0.1165,-0.00982  0.00136  0.12866,0.12904,749361.96957
1.70003047069776E+018,0.02411 0.10344 0.04786,0.1165,-0.00982  0.00136  0.12866,0.12904,753329.82013
1.70003047076473E+018,0.02411 0.10344 0.04786,0.1165,-0.00982  0.00136  0.12866,0.12904,757310.90934
1.70003047083171E+018,0.02411 0.10344 0.04786,0.1165,-0.00982  0.00136  0.12866,0.12904,761305.37723
1.70003047089868E+018,0.02411 0.10344 0.04786,0.1165,-0.00982  0.00136  0.12866,0.12904,765313.68239
1.70003047096566E+018,0.02411 0.10344 0.04786,0.1165,-0.00982  0.00136  0.12866,0.12904,769335.88365
1.70003047103263E+018,0.02411 0.10344 0.04786,0.1165,-0.00982  0.00136  0.12866,0.12904,773371.29284
1.70003047109945E+018,0.02411 0.10344 0.04786,0.1165,-0.00982  0.00136  0.12866,0.12904,777410.46144
1.70003047116638E+018,0.02411 0.10344 0.04786,0.1165,-0.00982  0.00136  0.12866,0.12904,781471.22061
1.7000304712336E+018,0.02411 0.10344 0.04786,0.1165,-0.00982  0.00136  0.12866,0.12904,785564.15372
1.70003047130084E+018,0.02411 0.10344 0.04786,0.1165,-0.00982  0.00136  0.12866,0.12904,789670.58832
1.70003047136808E+018,0.02411 0.10344 0.04786,0.1165,-0.00982  0.00136  0.12866,0.12904,793791.18256
1.70003047143534E+018,0.02411 0.10344 0.04786,0.1165,-0.00982  0.00136  0.12866,0.12904,797926.17826
1.7000304715026E+018,0.02411 0.10344 0.04786,0.1165,-0.00982  0.00136  0.12866,0.12904,802075.90585
1.70003047156988E+018,0.02411 0.10344 0.04786,0.1165,-0.00982  0.00136  0.12866,0.12904,806240.42432
1.70003047163716E+018,0.02411 0.10344 0.04786,0.1165,-0.00982  0.00136  0.12866,0.12904,810419.30298
1.70003047170445E+018,0.02411 0.10344 0.04786,0.1165,-0.00982  0.00136  0.12866,0.12904,814612.87031
1.70003047177176E+018,0.02411 0.10344 0.04786,0.1165,-0.00982  0.00136  0.12866,0.12904,818821.51992
1.70003047183907E+018,0.02411 0.10344 0.04786,0.1165,-0.00982  0.00136  0.12866,0.12904,823045.43321
1.70003047190639E+018,0.02411 0.10344 0.04786,0.1165,-0.00982  0.00136  0.12866,0.12904,827283.5098
1.70003047197373E+018,0.02411 0.10344 0.04786,0.1165,-0.00982  0.00136  0.12866,0.12904,831535.93094
1.70003047204107E+018,0.02411 0.10344 0.04786,0.1165,-0.00982  0.00136  0.12866,0.12904,835803.30612
1.70003047210842E+018,0.02411 0.10344 0.04786,0.1165,-0.00982  0.00136  0.12866,0.12904,840085.59103
1.70003047217537E+018,0.02411 0.10344 0.04786,0.1165,-0.00982  0.00136  0.12866,0.12904,844356.60906
1.70003047224193E+018,0.02411 0.10344 0.04786,0.1165,-0.00982  0.00136  0.12866,0.12904,848615.7575
1.70003047230848E+018,0.02411 0.10344 0.04786,0.1165,-0.00982  0.00136  0.12866,0.12904,852888.98237
1.70003047237504E+018,0.02411 0.10344 0.04786,0.1165,-0.00982  0.00136  0.12866,0.12904,857176.56799
1.7000304724416E+018,0.02411 0.10344 0.04786,0.1165,-0.00982  0.00136  0.12866,0.12904,861478.64186
1.70003047250816E+018,0.02411 0.10344 0.04786,0.1165,-0.00982  0.00136  0.12866,0.12904,865794.05934
1.70003047257472E+018,0.02411 0.10344 0.04786,0.1165,-0.00982  0.00136  0.12866,0.12904,870123.22537
1.70003047264128E+018,0.02411 0.10344 0.04786,0.1165,-0.00982  0.00136  0.12866,0.12904,874466.42144
1.70003047270785E+018,0.02411 0.10344 0.04786,0.1165,-0.00982  0.00136  0.12866,0.12904,878823.75716
1.70003047277441E+018,0.02411 0.10344 0.04786,0.1165,-0.00982  0.00136  0.12866,0.12904,883195.17915
1.70003047284098E+018,0.02411 0.10344 0.04786,0.1165,-0.00982  0.00136  0.12866,0.12904,887580.44174
1.70003047290755E+018,0.02411 0.10344 0.04786,0.1165,-0.00982  0.00136  0.12866,0.12904,891979.94736
1.70003047297412E+018,0.02411 0.10344 0.04786,0.1165,-0.00982  0.00136  0.12866,0.12904,896394.00249
1.70003047304069E+018,0.02411 0.10344 0.04786,0.1165,-0.00982  0.00136  0.12866,0.12904,900822.5289
1.70003047310726E+018,0.02411 0.10344 0.04786,0.1165,-0.00982  0.00136  0.12866,0.12904,905264.60731
1.70003047317366E+018,0.02411 0.10344 0.04786,0.1165,-0.00982  0.00136  0.12866,0.12904,909708.20055
1.70003047323986E+018,0.02411 0.10344 0.04786,0.1165,-0.00982  0.00136  0.12866,0.12904,914153.39362
1.70003047330606E+018,0.02411 0.10344 0.04786,0.1165,-0.00982  0.00136  0.12866,0.12904,918611.99929
1.70003047337225E+018,0.02411 0.10344 0.04786,0.1165,-0.00982  0.00136  0.12866,0.12904,923083.82232
1.70003047343843E+018,0.02411 0.10344 0.04786,0.1165,-0.00982  0.00136  0.12866,0.12904,927568.79847
1.70003047350461E+018,0.02411 0.10344 0.04786,0.1165,-0.00982  0.00136  0.12866,0.12904,932067.37058
1.70003047357077E+018,0.02411 0.10344 0.04786,0.1165,-0.00982  0.00136  0.12866,0.12904,936579.74013
1.70003047363693E+018,0.02411 0.10344 0.04786,0.1165,-0.00982  0.00136  0.12866,0.12904,941105.90966
1.70003047370308E+018,0.02411 0.10344 0.04786,0.1165,-0.00982  0.00136  0.12866,0.12904,945644.96389
1.70003047376922E+018,0.02411 0.10344 0.04786,0.1165,-0.00982  0.00136  0.12866,0.12904,950197.2937
1.70003047383536E+018,0.02411 0.10344 0.04786,0.1165,-0.00982  0.00136  0.12866,0.12904,954763.16609
1.70003047390149E+018,0.02411 0.10344 0.04786,0.1165,-0.00982  0.00136  0.12866,0.12904,959342.5972
1.7000304739676E+018,0.02411 0.10344 0.04786,0.1165,-0.00982  0.00136  0.12866,0.12904,963935.60649
1.70003047403371E+018,0.02411 0.10344 0.04786,0.1165,-0.00982  0.00136  0.12866,0.12904,968542.01889
1.70003047409982E+018,0.02411 0.10344 0.04786,0.1165,-0.00982  0.00136  0.12866,0.12904,973161.97066
1.70003047416597E+018,0.02411 0.10344 0.04786,0.1165,-0.00982  0.00136  0.12866,0.12904,977800.28151
1.70003047423218E+018,0.02411 0.10344 0.04786,0.1165,-0.00982  0.00136  0.12866,0.12904,982456.7182
1.70003047429838E+018,0.02411 0.10344 0.04786,0.1165,-0.00982  0.00136  0.12866,0.12904,987126.28926
1.70003047436458E+018,0.02411 0.10344 0.04786,0.1165,-0.00982  0.00136  0.12866,0.12904,991809.34009
1.70003047443076E+018,0.02411 0.10344 0.04786,0.1165,-0.00982  0.00136  0.12866,0.12904,996506.05977
1.70003047449694E+018,0.02411 0.10344 0.04786,0.1165,-0.00982  0.00136  0.12866,0.12904,1001216.44145
1.70003047456311E+018,0.02411 0.10344 0.04786,0.1165,-0.00982  0.00136  0.12866,0.12904,1005940.63455
1.70003047462927E+018,0.02411 0.10344 0.04786,0.1165,-0.00982  0.00136  0.12866,0.12904,1010678.40368
1.70003047469542E+018,0.02411 0.10344 0.04786,0.1165,-0.00982  0.00136  0.12866,0.12904,1015429.96826
1.70003047476157E+018,0.02411 0.10344 0.04786,0.1165,-0.00982  0.00136  0.12866,0.12904,1020195.479
1.7000304748277E+018,0.02411 0.10344 0.04786,0.1165,-0.00982  0.00136  0.12866,0.12904,1024975.11951
1.70003047489383E+018,0.02411 0.10344 0.04786,0.1165,-0.00982  0.00136  0.12866,0.12904,1029767.99891
1.70003047495995E+018,0.02411 0.10344 0.04786,0.1165,-0.00982  0.00136  0.12866,0.12904,1034574.40279
1.70003047502607E+018,0.02411 0.10344 0.04786,0.1165,-0.00982  0.00136  0.12866,0.12904,1039394.74816
1.70003047509217E+018,0.02411 0.10344 0.04786,0.1165,-0.00982  0.00136  0.12866,0.12904,1044228.94181
1.70003047515833E+018,0.02411 0.10344 0.04786,0.1165,-0.00982  0.00136  0.12866,0.12904,1049081.63212
1.70003047522454E+018,0.02411 0.10344 0.04786,0.1165,-0.00982  0.00136  0.12866,0.12904,1053952.21931
1.70003047529074E+018,0.02411 0.10344 0.04786,0.1165,-0.00982  0.00136  0.12866,0.12904,1058836.74858
1.70003047535694E+018,0.02411 0.10344 0.04786,0.1165,-0.00982  0.00136  0.12866,0.12904,1063735.42074
1.70003047542312E+018,0.02411 0.10344 0.04786,0.1165,-0.00982  0.00136  0.12866,0.12904,1068648.07148
1.7000304754893E+018,0.02411 0.10344 0.04786,0.1165,-0.00982  0.00136  0.12866,0.12904,1073574.34035
1.70003047555547E+018,0.02411 0.10344 0.04786,0.1165,-0.00982  0.00136  0.12866,0.12904,1078514.31134
1.70003047562163E+018,0.02411 0.10344 0.04786,0.1165,-0.00982  0.00136  0.12866,0.12904,1083468.17609
1.70003047568778E+018,0.02411 0.10344 0.04786,0.1165,-0.00982  0.00136  0.12866,0.12904,1088436.04598
1.70003047575393E+018,0.02411 0.10344 0.04786,0.1165,-0.00982  0.00136  0.12866,0.12904,1093417.8663
1.70003047582006E+018,0.02411 0.10344 0.04786,0.1165,-0.00982  0.00136  0.12866,0.12904,1098413.39881
1.70003047588619E+018,0.02411 0.10344 0.04786,0.1165,-0.00982  0.00136  0.12866,0.12904,1103423.01295
1.70003047595231E+018,0.02411 0.10344 0.04786,0.1165,-0.00982  0.00136  0.12866,0.12904,1108446.95804
1.70003047601843E+018,0.02411 0.10344 0.04786,0.1165,-0.00982  0.00136  0.12866,0.12904,1113484.88012
1.70003047608453E+018,0.02411 0.10344 0.04786,0.1165,-0.00982  0.00136  0.12866,0.12904,1118536.52747
1.70003047615086E+018,0.02411 0.10344 0.04786,0.1165,-0.00982  0.00136  0.12866,0.12904,1123620.08953
1.70003047621741E+018,0.02411 0.10344 0.04786,0.1165,-0.00982  0.00136  0.12866,0.12904,1128735.84586
1.70003047628397E+018,0.02411 0.10344 0.04786,0.1165,-0.00982  0.00136  0.12866,0.12904,1133866.53001
1.70003047635052E+018,0.02411 0.10344 0.04786,0.1165,-0.00982  0.00136  0.12866,0.12904,1139012.28031
1.70003047641708E+018,0.02411 0.10344 0.04786,0.1165,-0.00982  0.00136  0.12866,0.12904,1144172.95213
1.70003047648364E+018,0.02411 0.10344 0.04786,0.1165,-0.00982  0.00136  0.12866,0.12904,1149348.76345
1.70003047655019E+018,0.02411 0.10344 0.04786,0.1165,-0.00982  0.00136  0.12866,0.12904,1154539.88252
1.70003047661675E+018,0.02411 0.10344 0.04786,0.1165,-0.00982  0.00136  0.12866,0.12904,1159745.81145
1.70003047668331E+018,0.02411 0.10344 0.04786,0.1165,-0.00982  0.00136  0.12866,0.12904,1164966.68281
1.70003047674987E+018,0.02411 0.10344 0.04786,0.1165,-0.00982  0.00136  0.12866,0.12904,1170202.63035
1.70003047681643E+018,0.02411 0.10344 0.04786,0.1165,-0.00982  0.00136  0.12866,0.12904,1175453.84079
1.70003047688299E+018,0.02411 0.10344 0.04786,0.1165,-0.00982  0.00136  0.12866,0.12904,1180720.2633
1.70003047694955E+018,0.02411 0.10344 0.04786,0.1165,-0.00982  0.00136  0.12866,0.12904,1186001.74331
1.70003047701612E+018,0.02411 0.10344 0.04786,0.1165,-0.00982  0.00136  0.12866,0.12904,1191298.44116
1.70003047708268E+018,0.02411 0.10344 0.04786,0.1165,-0.00982  0.00136  0.12866,0.12904,1196610.54026
1.70003047714924E+018,0.02411 0.10344 0.04786,0.1165,-0.00982  0.00136  0.12866,0.12904,1201937.64253
1.7000304772158E+018,0.02411 0.10344 0.04786,0.1165,-0.00982  0.00136  0.12866,0.12904,1207279.70661
1.70003047728275E+018,0.02411 0.10344 0.04786,0.1165,-0.00982  0.00136  0.12866,0.12904,1212668.53552
1.70003047734971E+018,0.02411 0.10344 0.04786,0.1165,-0.00982  0.00136  0.12866,0.12904,1218072.9308
1.70003047741666E+018,0.02411 0.10344 0.04786,0.1165,-0.00982  0.00136  0.12866,0.12904,1223492.9287
1.70003047748362E+018,0.02411 0.10344 0.04786,0.1165,-0.00982  0.00136  0.12866,0.12904,1228928.44287
1.70003047755058E+018,0.02411 0.10344 0.04786,0.1165,-0.00982  0.00136  0.12866,0.12904,1234379.52317
1.70003047761754E+018,0.02411 0.10344 0.04786,0.1165,-0.00982  0.00136  0.12866,0.12904,1239846.23945
1.7000304776845E+018,0.02411 0.10344 0.04786,0.1165,-0.00982  0.00136  0.12866,0.12904,1245328.79497
1.70003047775146E+018,0.02411 0.10344 0.04786,0.1165,-0.00982  0.00136  0.12866,0.12904,1250826.94146
1.70003047781843E+018,0.02411 0.10344 0.04786,0.1165,-0.00982  0.00136  0.12866,0.12904,1256340.75235
1.70003047788539E+018,0.02411 0.10344 0.04786,0.1165,-0.00982  0.00136  0.12866,0.12904,1261870.27844
1.70003047795236E+018,0.02411 0.10344 0.04786,0.1165,-0.00982  0.00136  0.12866,0.12904,1267415.59656
1.70003047801933E+018,0.02411 0.10344 0.04786,0.1165,-0.00982  0.00136  0.12866,0.12904,1272976.67879
1.7000304780863E+018,0.02411 0.10344 0.04786,0.1165,-0.00982  0.00136  0.12866,0.12904,1278553.47711
1.70003047815327E+018,0.02411 0.10344 0.04786,0.1165,-0.00982  0.00136  0.12866,0.12904,1284146.15663
1.70003047822024E+018,0.02411 0.10344 0.04786,0.1165,-0.00982  0.00136  0.12866,0.12904,1289754.57353
1.70003047828688E+018,0.02411 0.10344 0.04786,0.1165,-0.00982  0.00136  0.12866,0.12904,1295350.32182
1.70003047835351E+018,0.02411 0.10344 0.04786,0.1165,-0.00982  0.00136  0.12866,0.12904,1300961.9237
1.70003047842015E+018,0.02411 0.10344 0.04786,0.1165,-0.00982  0.00136  0.12866,0.12904,1306589.38679
1.70003047848679E+018,0.02411 0.10344 0.04786,0.1165,-0.00982  0.00136  0.12866,0.12904,1312232.69183
1.70003047855344E+018,0.02411 0.10344 0.04786,0.1165,-0.00982  0.00136  0.12866,0.12904,1317891.98846
1.70003047862009E+018,0.02411 0.10344 0.04786,0.1165,-0.00982  0.00136  0.12866,0.12904,1323567.23297
1.70003047868674E+018,0.02411 0.10344 0.04786,0.1165,-0.00982  0.00136  0.12866,0.12904,1329258.45129
1.70003047875339E+018,0.02411 0.10344 0.04786,0.1165,-0.00982  0.00136  0.12866,0.12904,1334965.67776
1.70003047882004E+018,0.02411 0.10344 0.04786,0.1165,-0.00982  0.00136  0.12866,0.12904,1340688.89598
1.7000304788867E+018,0.02411 0.10344 0.04786,0.1165,-0.00982  0.00136  0.12866,0.12904,1346428.17561
1.70003047895336E+018,0.02411 0.10344 0.04786,0.1165,-0.00982  0.00136  0.12866,0.12904,1352183.54532
1.70003047902003E+018,0.02411 0.10344 0.04786,0.1165,-0.00982  0.00136  0.12866,0.12904,1357955.11528
1.70003047908669E+018,0.02411 0.10344 0.04786,0.1165,-0.00982  0.00136  0.12866,0.12904,1363742.87271
1.70003047915336E+018,0.02411 0.10344 0.04786,0.1165,-0.00982  0.00136  0.12866,0.12904,1369546.76886
1.70003047922004E+018,0.02411 0.10344 0.04786,0.1165,-0.00982  0.00136  0.12866,0.12904,1375366.84795
1.70003047928632E+018,0.02411 0.10344 0.04786,0.1165,-0.00982  0.00136  0.12866,0.12904,1381168.88237
1.70003047935259E+018,0.02411 0.10344 0.04786,0.1165,-0.00982  0.00136  0.12866,0.12904,1386986.04814
1.70003047941886E+018,0.02411 0.10344 0.04786,0.1165,-0.00982  0.00136  0.12866,0.12904,1392818.24201
1.70003047948513E+018,0.02411 0.10344 0.04786,0.1165,-0.00982  0.00136  0.12866,0.12904,1398665.99319
1.70003047955138E+018,0.02411 0.10344 0.04786,0.1165,-0.00982  0.00136  0.12866,0.12904,1404529.03412
1.70003047961763E+018,0.02411 0.10344 0.04786,0.1165,-0.00982  0.00136  0.12866,0.12904,1410407.42683
1.70003047968387E+018,0.02411 0.10344 0.04786,0.1165,-0.00982  0.00136  0.12866,0.12904,1416301.13356
1.70003047975011E+018,0.02411 0.10344 0.04786,0.1165,-0.00982  0.00136  0.12866,0.12904,1422210.12794
1.70003047981633E+018,0.02411 0.10344 0.04786,0.1165,-0.00982  0.00136  0.12866,0.12904,1428134.48449
1.70003047988255E+018,0.02411 0.10344 0.04786,0.1165,-0.00982  0.00136  0.12866,0.12904,1434074.32714
1.70003047994877E+018,0.02411 0.10344 0.04786,0.1165,-0.00982  0.00136  0.12866,0.12904,1440029.45174
1.70003048001497E+018,0.02411 0.10344 0.04786,0.1165,-0.00982  0.00136  0.12866,0.12904,1445999.91155
1.70003048008117E+018,0.02411 0.10344 0.04786,0.1165,-0.00982  0.00136  0.12866,0.12904,1451986.14313
1.70003048014737E+018,0.02411 0.10344 0.04786,0.1165,-0.00982  0.00136  0.12866,0.12904,1457987.93917
1.70003048021356E+018,0.02411 0.10344 0.04786,0.1165,-0.00982  0.00136  0.12866,0.12904,1464005.34393
1.70003048028019E+018,0.02411 0.10344 0.04786,0.1165,-0.00982  0.00136  0.12866,0.12904,1470080.03258
1.70003048034684E+018,0.02411 0.10344 0.04786,0.1165,-0.00982  0.00136  0.12866,0.12904,1476171.30384
1.70003048041348E+018,0.02411 0.10344 0.04786,0.1165,-0.00982  0.00136  0.12866,0.12904,1482279.32544
1.70003048048012E+018,0.02411 0.10344 0.04786,0.1165,-0.00982  0.00136  0.12866,0.12904,1488403.9599
1.70003048054677E+018,0.02411 0.10344 0.04786,0.1165,-0.00982  0.00136  0.12866,0.12904,1494545.1004
1.70003048061342E+018,0.02411 0.10344 0.04786,0.1165,-0.00982  0.00136  0.12866,0.12904,1500703.08445
1.70003048068007E+018,0.02411 0.10344 0.04786,0.1165,-0.00982  0.00136  0.12866,0.12904,1506878.14874
1.70003048074673E+018,0.02411 0.10344 0.04786,0.1165,-0.00982  0.00136  0.12866,0.12904,1513069.95217
1.70003048081339E+018,0.02411 0.10344 0.04786,0.1165,-0.00982  0.00136  0.12866,0.12904,1519278.72073
1.70003048088004E+018,0.02411 0.10344 0.04786,0.1165,-0.00982  0.00136  0.12866,0.12904,1525504.25029
1.70003048094671E+018,0.02411 0.10344 0.04786,0.1165,-0.00982  0.00136  0.12866,0.12904,1531746.77678
1.70003048101337E+018,0.02411 0.10344 0.04786,0.1165,-0.00982  0.00136  0.12866,0.12904,1538006.27012
1.70003048108003E+018,0.02411 0.10344 0.04786,0.1165,-0.00982  0.00136  0.12866,0.12904,1544282.58573
1.7000304811467E+018,0.02411 0.10344 0.04786,0.1165,-0.00982  0.00136  0.12866,0.12904,1550575.49855
1.70003048121337E+018,0.02411 0.10344 0.04786,0.1165,-0.00982  0.00136  0.12866,0.12904,1556885.96513
